Institution,Service,URL,Times_found
Arizona State University,Aerial_imagery,https://lib.asu.edu/geo,1
Arizona State University,Aerial_imagery,https://lib.asu.edu/geo/imagery,1
Arizona State University,Carpentries,https://lib.asu.edu/data/open-lab,2
Arizona State University,Data_analysis_consult,https://lib.asu.edu/data/open-lab,1
Arizona State University,Data_analysis_instruction,https://lib.asu.edu/data/open-lab,1
Arizona State University,Data_management_consult,https://lib.asu.edu/research,1
Arizona State University,Data_management_consult,https://lib.asu.edu/research/proposals,1
Arizona State University,Data_management_instruction,https://lib.asu.edu/research/proposals,1
Arizona State University,Data_management_plans_consult,https://lib.asu.edu/research,1
Arizona State University,Data_management_plans_consult,https://libguides.asu.edu/data,1
Arizona State University,Data_management_plans_instruction,https://libguides.asu.edu/data,1
Arizona State University,Data_management_plans_web,https://libguides.asu.edu/c.php?g=264208&p=1763700,1
Arizona State University,Data_management_plans_web,https://libguides.asu.edu/data,1
Arizona State University,Data_management_web,https://lib.asu.edu/research/proposals,1
Arizona State University,Data_management_web,https://libguides.asu.edu/c.php?g=264208&p=1763700,1
Arizona State University,Data_repository,https://lib.asu.edu/research/store,1
Arizona State University,Data_repository,https://repository.asu.edu/,1
Arizona State University,Data_visualization_software_consult,https://lib.asu.edu/data/about,1
Arizona State University,Data_visualization_software_consult,https://lib.asu.edu/data/open-lab,1
Arizona State University,Data_visualization_software_instruction,https://lib.asu.edu/data/open-lab,1
Arizona State University,Data_visualization_software_instruction,https://lib.asu.edu/librarychannel/Competition-Telling-stories-data,1
Arizona State University,Data_visualization_software_web,https://lib.asu.edu/librarychannel/Get-involved-data-science,1
Arizona State University,DMPTool,https://libguides.asu.edu/data/start/dmptool,1
Arizona State University,Electronic_lab_notebooks,https://libguides.asu.edu/chemistry/web,1
Arizona State University,Geospatial_consult,https://lib.asu.edu/geo/services,2
Arizona State University,Geospatial_instruction,https://lib.asu.edu/geo/services,2
Arizona State University,Geospatial_software_consult,https://lib.asu.edu/geo/services,1
Arizona State University,Geospatial_software_consult,https://lib.asu.edu/geo/software,1
Arizona State University,Geospatial_software_instruction,https://lib.asu.edu/geo/services,1
Arizona State University,Geospatial_software_instruction,https://lib.asu.edu/geo/software,1
Arizona State University,Geospatial_software_web,https://lib.asu.edu/geo/software,1
Arizona State University,Geospatial_software_web,https://libguides.asu.edu/esrisoftware,1
Arizona State University,Geospatial_web,https://lib.asu.edu/geo,1
Arizona State University,Geospatial_web,https://lib.asu.edu/geo/data,1
Arizona State University,OSF,https://libguides.asu.edu/data/storage,1
Arizona State University,OSF,https://libguides.asu.edu/openaccess/opendata-science,1
Arizona State University,Other_service_1,https://libguides.asu.edu/grad/workshops,1
Arizona State University,Other_service_1,Text and Data Mining Libguide; https://libguides.asu.edu/textanddatamining/introduction,1
Arizona State University,Reproducible_research,https://sgsup.asu.edu/sparc/RRWorkshop,1
Arizona State University,Statistical_consulting,https://lib.asu.edu/data/open-lab,2
Arizona State University,Text_data_mining,https://lib.asu.edu/data,1
Arizona State University,Text_data_mining,https://libguides.asu.edu/textanddatamining/introduction,1
Arizona State University,Version_control,https://github.com/UnitForDataScience,1
Michigan State University,Aerial_imagery,http://digitalscholarshiplab.msu.edu/using-the-lab/lab-technology/,1
Michigan State University,Aerial_imagery,http://libguides.lib.msu.edu/c.php?g=95932&p=624998,1
Michigan State University,Carpentries,http://digitalscholarshiplab.msu.edu/using-the-lab/lab-technology/,1
Michigan State University,Data_analysis_consult,http://libguides.lib.msu.edu/dataanalysis,1
Michigan State University,Data_analysis_consult,https://lib.msu.edu/rdmg/servcat/cstat/,1
Michigan State University,Data_analysis_instruction,http://libguides.lib.msu.edu/c.php?g=96626&p=626740,1
Michigan State University,Data_analysis_instruction,https://lib.msu.edu/rdmg/servcat/cstat/,1
Michigan State University,Data_analysis_web,http://libguides.lib.msu.edu/c.php?g=96626&p=768034,1
Michigan State University,Data_analysis_web,https://libguides.lib.msu.edu/dataanalysis,1
Michigan State University,Data_management_consult,https://lib.msu.edu/rdmg/advising/,2
Michigan State University,Data_management_instruction,https://lib.msu.edu/rdmg/training/,2
Michigan State University,Data_management_plans_consult,https://lib.msu.edu/rdmg/advising/,2
Michigan State University,Data_management_plans_instruction,https://lib.msu.edu/rdmg/training/,2
Michigan State University,Data_management_plans_web,https://lib.msu.edu/rdmg/resources/,2
Michigan State University,Data_management_web,https://lib.msu.edu/rdmg/resources/,2
Michigan State University,Data_repository,https://lib.msu.edu/preservation/digital/,1
Michigan State University,Data_repository,https://lib.msu.edu/rdmg/advising/,1
Michigan State University,Data_visualization_software_consult,http://digitalscholarshiplab.msu.edu/using-the-lab/experts/,1
Michigan State University,Data_visualization_software_consult,https://lib.msu.edu/about/data/,1
Michigan State University,Data_visualization_software_instruction,http://digitalscholarshiplab.msu.edu/using-the-lab/experts/,1
Michigan State University,Data_visualization_software_instruction,http://digitalscholarshiplab.msu.edu/using-the-lab/lab-technology/,1
Michigan State University,Data_visualization_software_web,http://digitalscholarshiplab.msu.edu/using-the-lab/lab-technology/,1
Michigan State University,Data_visualization_software_web,http://libguides.lib.msu.edu/c.php?g=966965&p=7019951,1
Michigan State University,Geospatial_consult,https://blogs.lib.msu.edu/map-library/2016/mar/geospatial-workshops-spring-2016,1
Michigan State University,Geospatial_instruction,http://libguides.lib.msu.edu/gis,1
Michigan State University,Geospatial_instruction,https://blogs.lib.msu.edu/map-library/2016/mar/geospatial-workshops-spring-2016,1
Michigan State University,Geospatial_software_consult,https://blogs.lib.msu.edu/map-library/2016/mar/geospatial-workshops-spring-2016,1
Michigan State University,Geospatial_software_instruction,http://libguides.lib.msu.edu/gis,1
Michigan State University,Geospatial_software_instruction,https://libguides.lib.msu.edu/c.php?g=224434,1
Michigan State University,Geospatial_software_web,http://libguides.lib.msu.edu/c.php?g=95932&p=1493888,1
Michigan State University,Geospatial_software_web,https://libguides.lib.msu.edu/c.php?g=224434,1
Michigan State University,Geospatial_web,http://digitalscholarshiplab.msu.edu/using-the-lab/lab-technology/,1
Michigan State University,Geospatial_web,http://libguides.lib.msu.edu/gis,1
Michigan State University,Other_service_1,https://lib.msu.edu/computer/printing/,1
Michigan State University,Other_service_2,https://blogpublic.lib.msu.edu/map-library/2020/may/accessible-data-visualization-and-mapping,1
Michigan State University,Other_service_3,https://libguides.lib.msu.edu/c.php?g=721645&p=7376150,1
Michigan State University,Other_service_4,https://blogs.lib.msu.edu/map-library/2017/sep/visualization-community-seminar-series,1
Michigan State University,Statistical_consulting,http://libguides.lib.msu.edu/datastats,1
Michigan State University,Statistical_consulting,https://lib.msu.edu/rdmg/servcat/cstat/,1
Michigan State University,Text_data_mining,https://lib.msu.edu/dh/,1
Michigan State University,Text_data_mining,https://libguides.lib.msu.edu/c.php?g=95580&p=6293247,1
Ohio State University,Aerial_imagery,http://guides.osu.edu/maps-geospatial-data/maps,1
Ohio State University,Data_analysis_consult,https://hslguides.osu.edu/hsl_du_software/home,1
Ohio State University,Data_analysis_instruction,https://hslguides.osu.edu/hsl_du_software/home,1
Ohio State University,Data_analysis_web,http://guides.osu.edu/DH/data,1
Ohio State University,Data_analysis_web,https://hslguides.osu.edu/hsl_du_software/home,1
Ohio State University,Data_management_consult,http://guides.osu.edu/IntroDataManagement,1
Ohio State University,Data_management_consult,https://library.osu.edu/researchcommons/help/managing-data,1
Ohio State University,Data_management_instruction,http://guides.osu.edu/IntroDataManagement,1
Ohio State University,Data_management_plans_consult,https://guides.osu.edu/c.php?g=711955,1
Ohio State University,Data_management_plans_consult,https://library.osu.edu/researchcommons/help/managing-data,1
Ohio State University,Data_management_plans_instruction,https://guides.osu.edu/c.php?g=711955,1
Ohio State University,Data_management_plans_web,https://guides.osu.edu/c.php?g=711955,2
Ohio State University,Data_management_web,https://guides.osu.edu/IntroDataManagement,1
Ohio State University,Data_management_web,https://library.osu.edu/researchcommons/help/managing-data,1
Ohio State University,Data_repository,http://guides.osu.edu/c.php?g=707751&p=6017038,1
Ohio State University,Data_repository,https://library.osu.edu/site/osulstaff/2020/01/31/ohio-state-new-institutional-member-of-dryad-open-data-repository/,1
Ohio State University,Data_visualization_software_consult,https://library.osu.edu/researchcommons/help/visualizing-data,2
Ohio State University,Data_visualization_software_instruction,https://library.osu.edu/researchcommons/help/visualizing-data,1
Ohio State University,Data_visualization_software_web,http://guides.osu.edu/DH/viz,1
Ohio State University,Data_visualization_software_web,https://library.osu.edu/researchcommons/help/visualizing-data,1
Ohio State University,DMPTool,https://guides.osu.edu/c.php?g=711955,1
Ohio State University,DMPTool,https://library.osu.edu/researchcommons/2018/03/09/new-dmptool,1
Ohio State University,Electronic_lab_notebooks,https://resourcecenter.odee.osu.edu/labarchives,1
Ohio State University,Geospatial_consult,http://guides.osu.edu/maps-geospatial-data/training-tutorials,1
Ohio State University,Geospatial_consult,https://library.osu.edu/researchcommons/help/gis-and-mapping,1
Ohio State University,Geospatial_instruction,http://guides.osu.edu/maps-geospatial-data/training-tutorials,1
Ohio State University,Geospatial_software_consult,http://guides.osu.edu/maps-geospatial-data/software-tools,1
Ohio State University,Geospatial_software_consult,https://library.osu.edu/researchcommons/help/gis-and-mapping,1
Ohio State University,Geospatial_software_instruction,http://guides.osu.edu/maps-geospatial-data/software-tools,1
Ohio State University,Geospatial_software_web,http://guides.osu.edu/maps-geospatial-data/software-tools,2
Ohio State University,Geospatial_web,http://guides.osu.edu/maps-geospatial-data,1
Ohio State University,Geospatial_web,http://guides.osu.edu/maps-geospatial-data/geospatial-data,1
Ohio State University,OSF,https://library.osu.edu/researchcommons/tag/open-science,1
Ohio State University,Other_service_1,Database Assistance; https://library.osu.edu/researchcommons/project-intake,1
Ohio State University,Reproducible_research,https://library.osu.edu/researchcommons/event/center-for-open-science-workshop,1
Ohio State University,Statistical_consulting,https://scs.osu.edu/,1
Ohio State University,Text_data_mining,http://guides.osu.edu/DH/text,1
Ohio State University,Text_data_mining,https://research.osu.edu/collaborative-archive-and-data-research-environment-cadre-services-now-available/,1
Ohio State University,Version_control,https://u.osu.edu/ihudas/software/,1
Ohio State University,Web_scraping,https://library.osu.edu/researchcommons/project-intake,1
Ohio State University,Web_scraping,https://library.osu.edu/researchcommons/tag/data-scraping,1
Oregon State University,Aerial_imagery,https://guides.library.oregonstate.edu/c.php?g=285932&p=1906685,1
Oregon State University,Aerial_imagery,https://spatialdata.oregonexplorer.info/geoportal/,1
Oregon State University,Carpentries,https://guides.library.oregonstate.edu/c.php?g=285930&p=7590538#s-lg-box-24107783,1
Oregon State University,Carpentries,https://library.oregonstate.edu/researcher-support,1
Oregon State University,Data_analysis_web,https://guides.library.oregonstate.edu/data,1
Oregon State University,Data_management_consult,https://guides.library.oregonstate.edu/research-data-services/campus-data-services,1
Oregon State University,Data_management_consult,https://guides.library.oregonstate.edu/research-data-services/managing-data,1
Oregon State University,Data_management_instruction,https://guides.library.oregonstate.edu/Library-Workshops-for-Grad-Students-Faculty/workshops_on_demand,1
Oregon State University,Data_management_instruction,https://guides.library.oregonstate.edu/research-data-services/managing-data,1
Oregon State University,Data_management_plans_consult,https://guides.library.oregonstate.edu/friendly.php?s=dmp,1
Oregon State University,Data_management_plans_consult,https://guides.library.oregonstate.edu/research-data-services/data-management-file-organization,1
Oregon State University,Data_management_plans_instruction,https://guides.library.oregonstate.edu/Library-Workshops-for-Grad-Students-Faculty/workshops_on_demand,1
Oregon State University,Data_management_plans_instruction,https://guides.library.oregonstate.edu/research-data-services/data-management-file-organization,1
Oregon State University,Data_management_plans_web,https://guides.library.oregonstate.edu/friendly.php?s=dmp,1
Oregon State University,Data_management_plans_web,https://guides.library.oregonstate.edu/research-data-services/data-management-file-organization,1
Oregon State University,Data_management_web,https://guides.library.oregonstate.edu/research-data-services/managing-data,2
Oregon State University,Data_repository,https://guides.library.oregonstate.edu/research-data-services/data-management-archive-preserve,1
Oregon State University,Data_repository,https://guides.library.oregonstate.edu/research-data-services/data-management-data-repositories,1
Oregon State University,Data_visualization_software_web,https://guides.library.oregonstate.edu/data,1
Oregon State University,DMPTool,http://dmptool.org/,1
Oregon State University,DMPTool,https://guides.library.oregonstate.edu/friendly.php?s=dmp,1
Oregon State University,Electronic_lab_notebooks,https://guides.library.oregonstate.edu/research-data-services/data-management-lab-notebooks,2
Oregon State University,Geospatial_consult,https://guides.library.oregonstate.edu/c.php?g=285915&p=1905258,1
Oregon State University,Geospatial_instruction,https://guides.library.oregonstate.edu/c.php?g=285915&p=1905258,1
Oregon State University,Geospatial_software_consult,http://www.geo.oregonstate.edu/esri/,1
Oregon State University,Geospatial_software_instruction,http://www.geo.oregonstate.edu/esri/,1
Oregon State University,Geospatial_software_web,http://www.geo.oregonstate.edu/esri/,1
Oregon State University,Geospatial_web,https://guides.library.oregonstate.edu/c.php?g=285915&p=1905258,2
Oregon State University,OSF,https://guin.library.oregonstate.edu/workshops-offered-data-wrangling-research-411-and-open-research-%E2%80%93-toolsbest-practices-412,1
Oregon State University,Other_service_1,https://guides.library.oregonstate.edu/friendly.php?s=dmp,1
Oregon State University,Other_service_1,Metadata LibGuide; https://guides.library.oregonstate.edu/research-data-services/data-management-metadata,1
Oregon State University,Other_service_2,Metadata consultations and workshops; https://library.oregonstate.edu/researcher-support,1
Oregon State University,Statistical_consulting,https://stat.oregonstate.edu/consultingdropin,1
Oregon State University,Text_data_mining,https://guides.library.oregonstate.edu/Library-Workshops-for-Grad-Students-Faculty/workshops_on_demand,1
Oregon State University,Text_data_mining,https://guides.library.oregonstate.edu/research-data-services/data-management-types-formats,1
Oregon State University,Version_control,https://guides.library.oregonstate.edu/c.php?g=285930&p=7590538#s-lg-box-24107783,1
Oregon State University,Version_control,https://osulp.github.io/workshop_intro_to_git/,1
Pennsylvania State University,Aerial_imagery,http://guides.libraries.psu.edu/aerialphotographs,2
Pennsylvania State University,Data_analysis_consult,https://guides.libraries.psu.edu/c.php?g=894031&p=6889383,1
Pennsylvania State University,Data_analysis_instruction,https://libraries.psu.edu/about/departments/research-informatics-and-publishing/training-events,1
Pennsylvania State University,Data_analysis_web,https://guides.libraries.psu.edu/c.php?g=894031&p=6429300,1
Pennsylvania State University,Data_management_consult,https://libraries.psu.edu/research/research-data-services/data-management,2
Pennsylvania State University,Data_management_instruction,https://libraries.psu.edu/research/research-data-services/data-management,1
Pennsylvania State University,Data_management_plans_consult,http://guides.libraries.psu.edu/dmptoolkit,1
Pennsylvania State University,Data_management_plans_consult,https://libraries.psu.edu/research/research-data-services/data-management,1
Pennsylvania State University,Data_management_plans_instruction,http://guides.libraries.psu.edu/dmptoolkit,1
Pennsylvania State University,Data_management_plans_instruction,https://libraries.psu.edu/research/research-data-services/data-management,1
Pennsylvania State University,Data_management_plans_web,http://guides.libraries.psu.edu/dmptoolkit,1
Pennsylvania State University,Data_management_plans_web,https://www.e-education.psu.edu/dmpt/,1
Pennsylvania State University,Data_management_web,http://guides.libraries.psu.edu/dmptoolkit,1
Pennsylvania State University,Data_management_web,http://guides.libraries.psu.edu/rdm,1
Pennsylvania State University,Data_repository,https://libraries.psu.edu/about/departments/preservation-conservation-and-digitization/about-bindery,1
Pennsylvania State University,Data_repository,https://libraries.psu.edu/research/research-data-services/data-archiving-and-preservation,1
Pennsylvania State University,Data_visualization_software_consult,https://guides.libraries.psu.edu/data-analytics-visualization,1
Pennsylvania State University,Data_visualization_software_consult,https://libraries.psu.edu/about/departments/research-informatics-and-publishing/advanced-analytics-and-visualization-digital,1
Pennsylvania State University,Data_visualization_software_instruction,https://guides.libraries.psu.edu/data-analytics-visualization,1
Pennsylvania State University,Data_visualization_software_instruction,https://libraries.psu.edu/about/departments/research-informatics-and-publishing/advanced-analytics-and-visualization-digital,1
Pennsylvania State University,Data_visualization_software_web,https://guides.libraries.psu.edu/data-analytics-visualization,1
Pennsylvania State University,Data_visualization_software_web,https://libraries.psu.edu/about/departments/research-informatics-and-publishing/advanced-analytics-and-visualization-digital,1
Pennsylvania State University,DMPTool,http://guides.libraries.psu.edu/rdm,1
Pennsylvania State University,Geospatial_consult,https://libraries.psu.edu/about/libraries/donald-w-hamer-center-maps-and-geospatial-information/request-geospatial-or-maps,2
Pennsylvania State University,Geospatial_instruction,http://guides.libraries.psu.edu/GISopensource,1
Pennsylvania State University,Geospatial_software_consult,http://guides.libraries.psu.edu/GISopensource,1
Pennsylvania State University,Geospatial_software_instruction,http://guides.libraries.psu.edu/GISopensource,1
Pennsylvania State University,Geospatial_software_web,http://guides.libraries.psu.edu/GISopensource,1
Pennsylvania State University,Geospatial_web,http://guides.libraries.psu.edu/c.php?g=515722&p=3525892,1
Pennsylvania State University,Geospatial_web,http://guides.libraries.psu.edu/GISopensource,1
Pennsylvania State University,Other_service_1,https://libraries.psu.edu/about/departments/libraries-strategic-technologies,1
Pennsylvania State University,Reproducible_research,https://sites.psu.edu/codeforher/r-workshop-series/,1
Pennsylvania State University,Statistical_consulting,https://libraries.psu.edu/research/research-data-services/statistical-consultations,2
Stanford University,Aerial_imagery,https://library.stanford.edu/guides/satellite-imagery,1
Stanford University,Carpentries,https://library.stanford.edu/research/data-management-services/events,1
Stanford University,Carpentries,https://searchworks.stanford.edu/view/gb482gq5743,1
Stanford University,Data_analysis_consult,https://ssds.stanford.edu/consulting-workshops/walk-consulting,1
Stanford University,Data_analysis_instruction,https://library.stanford.edu/research/cidr/workshops,1
Stanford University,Data_analysis_web,https://library.stanford.edu/research/data-and-statistical-software,1
Stanford University,Data_management_consult,https://library.stanford.edu/research/data-management-services,1
Stanford University,Data_management_consult,https://library.stanford.edu/research/data-management-services/consulting-training-and-other-services,1
Stanford University,Data_management_instruction,https://library.stanford.edu/research/data-management-services/consulting-training-and-other-services,2
Stanford University,Data_management_plans_consult,https://library.stanford.edu/research/data-management-services/consulting-training-and-other-services,1
Stanford University,Data_management_plans_consult,https://library.stanford.edu/research/data-management-services/data-management-plans/specific-guidance,1
Stanford University,Data_management_plans_instruction,https://library.stanford.edu/research/data-management-services/consulting-training-and-other-services,1
Stanford University,Data_management_plans_instruction,https://library.stanford.edu/research/data-management-services/data-best-practices,1
Stanford University,Data_management_plans_web,https://library.stanford.edu/research/data-management-services/data-management-plans,1
Stanford University,Data_management_plans_web,https://library.stanford.edu/research/data-management-services/data-management-plans/specific-guidance,1
Stanford University,Data_management_web,https://library.stanford.edu/research/data-management-services/data-best-practices,1
Stanford University,Data_management_web,https://www.dataone.org/all-best-practices,1
Stanford University,Data_repository,https://library.stanford.edu/research/data-management-services/share-and-preserve-research-data,1
Stanford University,Data_repository,https://library.stanford.edu/research/stanford-digital-repository,1
Stanford University,Data_visualization_software_consult,https://library.stanford.edu/events/data-visualization-r,1
Stanford University,Data_visualization_software_instruction,https://library.stanford.edu/events/data-visualization-tableau,1
Stanford University,Data_visualization_software_instruction,https://library.stanford.edu/research/data-management-services/consulting-training-and-other-services,1
Stanford University,Data_visualization_software_web,https://library.stanford.edu/events/basics-data-visualization,1
Stanford University,DMPTool,https://library.stanford.edu/research/data-management-services/data-management-plans/dmptool,1
Stanford University,Electronic_lab_notebooks,https://library.stanford.edu/blogs/stanford-libraries-blog/2018/11/chemoffice-professional-version-18-and-signals-notebook,1
Stanford University,Electronic_lab_notebooks,https://library.stanford.edu/science/software/chemoffice-professional,1
Stanford University,Geospatial_consult,https://library.stanford.edu/research/stanford-geospatial-center/services,1
Stanford University,Geospatial_consult,https://library.stanford.edu/rumsey/using-center/teaching-researching-and-consulting,1
Stanford University,Geospatial_instruction,https://library.stanford.edu/research/stanford-geospatial-center/workshops,1
Stanford University,Geospatial_instruction,https://library.stanford.edu/rumsey/using-center/teaching-researching-and-consulting,1
Stanford University,Geospatial_software_consult,https://library.stanford.edu/rumsey/programs/workshops-and-tours,1
Stanford University,Geospatial_software_instruction,https://library.stanford.edu/research/stanford-geospatial-center/workshops,1
Stanford University,Geospatial_software_instruction,https://library.stanford.edu/rumsey/programs/workshops-and-tours,1
Stanford University,Geospatial_software_web,https://library.stanford.edu/research/stanford-geospatial-center/software,1
Stanford University,Geospatial_software_web,https://us14.campaign-archive.com/?u=bc280d099b8c85ba9fd6e0bb0&id=8ad908bc32,1
Stanford University,Geospatial_web,https://library.stanford.edu/research/stanford-geospatial-center,1
Stanford University,Geospatial_web,https://library.stanford.edu/rumsey/collections,1
Stanford University,Other_service_1,https://library.stanford.edu/research/data-management-services/data-management-plans/dmptool,1
Stanford University,Reproducible_research,https://library.stanford.edu/events/2016-05-02/improving-reproducibility-quantitative-research-hands-workshop,1
Stanford University,Reproducible_research,https://library.stanford.edu/research/data-management-services/consulting-training-and-other-services,1
Stanford University,Statistical_consulting,https://library.stanford.edu/research/cidr/consulting,1
Stanford University,Statistical_consulting,https://library.stanford.edu/research/data-management-services/consulting-training-and-other-services,1
Stanford University,Text_data_mining,https://library.stanford.edu/events/text-analysis-r,1
Stanford University,Text_data_mining,https://library.stanford.edu/research/cidr/consulting,1
Stanford University,Version_control,https://library.stanford.edu/events/introduction-git-github-organizing-your-stuff-1,1
Stanford University,Version_control,https://library.stanford.edu/research/data-management-services/consulting-training-and-other-services,1
Stanford University,Web_scraping,https://library.stanford.edu/research/cidr/consulting,1
Texas A&M University,Aerial_imagery,http://tamu.libguides.com/aerialphotos,2
Texas A&M University,Data_management_consult,http://tamu.libguides.com/research-data-management/overview,1
Texas A&M University,Data_management_consult,https://askus.library.tamu.edu/rdms,1
Texas A&M University,Data_management_instruction,http://tamu.libguides.com/research-data-management/workshops,1
Texas A&M University,Data_management_instruction,https://tamu.libguides.com/research-data-management/workshops,1
Texas A&M University,Data_management_plans_consult,http://tamu.libguides.com/research-data-management/dmps,1
Texas A&M University,Data_management_plans_consult,https://library.tamu.edu/services/scholarly_communication/Data_Management/planning.html,1
Texas A&M University,Data_management_plans_instruction,http://tamu.libguides.com/research-data-management/workshops,1
Texas A&M University,Data_management_plans_instruction,https://tamu.libguides.com/research-data-management/workshops,1
Texas A&M University,Data_management_plans_web,http://tamu.libguides.com/research-data-management/collaborate,1
Texas A&M University,Data_management_plans_web,https://tamu.libguides.com/research-data-management/dmps,1
Texas A&M University,Data_management_web,http://tamu.libguides.com/research-data-management/data-sharing-requirements,1
Texas A&M University,Data_management_web,https://tamu.libguides.com/research-data-management/overview,1
Texas A&M University,Data_repository,http://tamu.libguides.com/research-data-management/repositories,1
Texas A&M University,Data_repository,https://tamu.libguides.com/research-data-management/repositories,1
Texas A&M University,Data_visualization_software_consult,http://tamu.libguides.com/viz,1
Texas A&M University,Data_visualization_software_web,https://library.tamu.edu/libraryInstruction/the-studio.html,1
Texas A&M University,DMPTool,https://dmptool.org/,1
Texas A&M University,DMPTool,https://tamu.libguides.com/research-data-management/dmps,1
Texas A&M University,Geospatial_consult,http://tamu.libguides.com/gis/gis,1
Texas A&M University,Geospatial_instruction,http://tamu.libguides.com/gis/onlinelearning,1
Texas A&M University,Geospatial_software_instruction,http://tamu.libguides.com/gis/tutorials,1
Texas A&M University,Geospatial_software_web,http://tamu.libguides.com/gis/onlinelearning,1
Texas A&M University,Geospatial_software_web,http://tamu.libguides.com/gis/software,1
Texas A&M University,Geospatial_web,http://tamu.libguides.com/gis,1
Texas A&M University,OSF,https://library.tamu.edu/services/scholarly_communication/Open_Access/index.html,1
Texas A&M University,OSF,https://tamu.libguides.com/research-data-management/collaborate,1
Texas A&M University,Text_data_mining,http://tamu.libguides.com/systematicreviews/resources,1
University of Arizona,Aerial_imagery,https://libguides.library.arizona.edu/GIS/ImageryandLidar,2
University of Arizona,Carpentries,https://librarycarpentry.org/lessons/,1
University of Arizona,Carpentries,https://new.library.arizona.edu/research/support/data,1
University of Arizona,Data_analysis_consult,https://new.library.arizona.edu/research/support/data,1
University of Arizona,Data_analysis_instruction,https://new.library.arizona.edu/events/r-programming-help,1
University of Arizona,Data_management_consult,https://data.library.arizona.edu/,1
University of Arizona,Data_management_consult,https://data.library.arizona.edu/our-services,1
University of Arizona,Data_management_instruction,https://data.library.arizona.edu/,1
University of Arizona,Data_management_instruction,https://data.library.arizona.edu/our-services,1
University of Arizona,Data_management_plans_consult,https://data.library.arizona.edu/our-services,1
University of Arizona,Data_management_plans_instruction,https://data.library.arizona.edu/data-management-plans,1
University of Arizona,Data_management_plans_instruction,https://data.library.arizona.edu/our-services,1
University of Arizona,Data_management_plans_web,https://data.library.arizona.edu/data-management-plans,2
University of Arizona,Data_management_web,https://data.library.arizona.edu/best-practices,2
University of Arizona,Data_repository,https://data.library.arizona.edu/best-practices/data-sharing-archiving,1
University of Arizona,Data_repository,https://data.library.arizona.edu/services/ua-research-data-repository,1
University of Arizona,Data_visualization_software_instruction,https://libguides.library.arizona.edu/dighumantools/dataviz,1
University of Arizona,Data_visualization_software_web,https://libguides.library.arizona.edu/dighumantools/dataviz,2
University of Arizona,DMPTool,https://data.library.arizona.edu/data-management-plans/dmptool,2
University of Arizona,Electronic_lab_notebooks,https://data.library.arizona.edu/best-practices/open-science-framework-osf,1
University of Arizona,Geospatial_consult,https://libguides.library.arizona.edu/GIS/Help,2
University of Arizona,Geospatial_instruction,https://libguides.library.arizona.edu/GIS/tutorials,1
University of Arizona,Geospatial_software_consult,https://libguides.library.arizona.edu/GIS/Help,2
University of Arizona,Geospatial_software_instruction,https://libguides.library.arizona.edu/GIS/tutorials,1
University of Arizona,Geospatial_software_web,https://libguides.library.arizona.edu/GIS/software,2
University of Arizona,Geospatial_web,https://libguides.library.arizona.edu/GIS,1
University of Arizona,Geospatial_web,https://libguides.library.arizona.edu/GIS/get-started,1
University of Arizona,OSF,https://data.library.arizona.edu/best-practices/open-science-framework-osf,2
University of Arizona,Reproducible_research,https://data.library.arizona.edu/best-practices/data-publishing-reproducibility,2
University of Arizona,Statistical_consulting,http://libguides.library.arizona.edu/EllerOnlineUndergrad/statistics,1
University of Arizona,Text_data_mining,https://libguides.library.arizona.edu/dighumantools/text,1
University of Arizona,Text_data_mining,https://libguides.library.arizona.edu/text-mining,1
University of Arizona,Version_control,https://new.library.arizona.edu/events/basics-git-and-github,1
"University of California, Berkeley",Aerial_imagery,https://guides.lib.berkeley.edu/c.php?g=130718&p=3874462,1
"University of California, Berkeley",Aerial_imagery,https://guides.lib.berkeley.edu/maps/airphotos,1
"University of California, Berkeley",Carpentries,https://guides.lib.berkeley.edu/library-carpentry-sprint2017,2
"University of California, Berkeley",Data_analysis_instruction,https://guides.lib.berkeley.edu/publichealth/ph210,1
"University of California, Berkeley",Data_analysis_web,https://guides.lib.berkeley.edu/ps190/stats,1
"University of California, Berkeley",Data_analysis_web,https://update.lib.berkeley.edu/2016/03/04/professional-development-data-analysis-take-it-to-the-max/,1
"University of California, Berkeley",Data_management_consult,https://guides.lib.berkeley.edu/researchdata,1
"University of California, Berkeley",Data_management_consult,https://researchdata.berkeley.edu/services,1
"University of California, Berkeley",Data_management_instruction,https://guides.lib.berkeley.edu/reproducibility-guide,1
"University of California, Berkeley",Data_management_instruction,https://researchdata.berkeley.edu/training,1
"University of California, Berkeley",Data_management_plans_consult,https://guides.lib.berkeley.edu/researchdata,1
"University of California, Berkeley",Data_management_plans_consult,https://researchdata.berkeley.edu/services/data-management-plans,1
"University of California, Berkeley",Data_management_plans_instruction,https://guides.lib.berkeley.edu/researchdata,1
"University of California, Berkeley",Data_management_plans_web,https://researchdata.berkeley.edu/services/data-management-plans,1
"University of California, Berkeley",Data_management_web,https://guides.lib.berkeley.edu/researchdata,1
"University of California, Berkeley",Data_management_web,https://researchdata.berkeley.edu/services,1
"University of California, Berkeley",Data_repository,https://researchdata.berkeley.edu/services/data-preservation-and-archiving,1
"University of California, Berkeley",Data_repository,https://update.lib.berkeley.edu/2020/01/28/dryad/,1
"University of California, Berkeley",Data_visualization_software_instruction,https://guides.lib.berkeley.edu/data-visualization/tools,1
"University of California, Berkeley",Data_visualization_software_web,https://guides.lib.berkeley.edu/data-visualization/about,1
"University of California, Berkeley",Data_visualization_software_web,https://guides.lib.berkeley.edu/data-visualization/type,1
"University of California, Berkeley",DMPTool,https://researchdata.berkeley.edu/services/data-management-plans,1
"University of California, Berkeley",DMPTool,https://update.lib.berkeley.edu/2018/03/09/new-dmptool-launched/,1
"University of California, Berkeley",Electronic_lab_notebooks,https://guides.lib.berkeley.edu/ERN,2
"University of California, Berkeley",Geospatial_consult,https://guides.lib.berkeley.edu/gis/remote,1
"University of California, Berkeley",Geospatial_instruction,https://guides.lib.berkeley.edu/gis/remote,1
"University of California, Berkeley",Geospatial_instruction,https://guides.lib.berkeley.edu/gis/training,1
"University of California, Berkeley",Geospatial_software_instruction,https://guides.lib.berkeley.edu/gis/training,1
"University of California, Berkeley",Geospatial_software_web,https://guides.lib.berkeley.edu/gis/help,1
"University of California, Berkeley",Geospatial_software_web,https://guides.lib.berkeley.edu/gis/tools,1
"University of California, Berkeley",Geospatial_web,https://guides.lib.berkeley.edu/gis/data,1
"University of California, Berkeley",Geospatial_web,https://guides.lib.berkeley.edu/gis/remote,1
"University of California, Berkeley",OSF,https://update.lib.berkeley.edu/tag/open-science/,1
"University of California, Berkeley",Reproducible_research,https://guides.lib.berkeley.edu/reproducibility-guide,2
"University of California, Berkeley",Statistical_consulting,https://update.lib.berkeley.edu/2012/03/06/ucla-statistical-consulting-classes-and-workshops/,1
"University of California, Berkeley",Text_data_mining,https://guides.lib.berkeley.edu/text-mining,1
"University of California, Berkeley",Text_data_mining,https://update.lib.berkeley.edu/2019/10/23/building-legal-literacies-for-text-data-mining-call-for-participants/,1
"University of California, Berkeley",Version_control,https://update.lib.berkeley.edu/2017/06/06/github-archiving-and-repositories/,1
"University of California, Berkeley",Web_scraping,https://guides.lib.berkeley.edu/library-carpentry-sprint2017,1
"University of California, Davis",Aerial_imagery,https://www.library.ucdavis.edu/guide/geospatial-data-for-storage-exchange/,1
"University of California, Davis",Aerial_imagery,https://www.library.ucdavis.edu/guide/ucd-aerial-photo-holdings-county/,1
"University of California, Davis",Carpentries,https://www.library.ucdavis.edu/service/data-management/data-management-program-workshops-events/,1
"University of California, Davis",Data_analysis_consult,https://www.library.ucdavis.edu/service/digital-scholarship/,1
"University of California, Davis",Data_analysis_instruction,https://www.library.ucdavis.edu/service/data-management/data-management-program-workshops-events/,1
"University of California, Davis",Data_analysis_web,https://www.library.ucdavis.edu/service/digital-scholarship/,1
"University of California, Davis",Data_management_consult,https://datalab.ucdavis.edu/office-hours/,1
"University of California, Davis",Data_management_consult,https://www.library.ucdavis.edu/service/preserve-your-research/,1
"University of California, Davis",Data_management_instruction,https://www.library.ucdavis.edu/service/data-management/data-management-program-workshops-events/,1
"University of California, Davis",Data_management_plans_consult,https://www.library.ucdavis.edu/service/data-management/plan-2/,2
"University of California, Davis",Data_management_plans_instruction,https://www.library.ucdavis.edu/guide/mapping-and-gis/#selected-map-gis-data-sources-4,1
"University of California, Davis",Data_management_plans_instruction,https://www.library.ucdavis.edu/service/data-management/data-management-program-workshops-events/,1
"University of California, Davis",Data_management_plans_web,https://www.library.ucdavis.edu/service/data-management/plan-2/,1
"University of California, Davis",Data_management_plans_web,https://www.library.ucdavis.edu/service/data-management/share/,1
"University of California, Davis",Data_management_web,https://www.library.ucdavis.edu/service/data-management/share/,1
"University of California, Davis",Data_management_web,https://www.library.ucdavis.edu/service/research-data-services/,1
"University of California, Davis",Data_repository,https://www.library.ucdavis.edu/service/data-management/share/,1
"University of California, Davis",Data_repository,https://www.library.ucdavis.edu/service/data-management/share/#dryad-1,1
"University of California, Davis",Data_visualization_software_consult,https://www.library.ucdavis.edu/service/digital-scholarship/,1
"University of California, Davis",Data_visualization_software_instruction,https://datalab.ucdavis.edu/instructional-support/,1
"University of California, Davis",Data_visualization_software_instruction,https://www.library.ucdavis.edu/service/data-management/data-management-program-workshops-events/,1
"University of California, Davis",Data_visualization_software_web,"https://www.library.ucdavis.edu/service/research-data-services/#Data%20Extraction,%20Formatting,%20and%20Visualization",1
"University of California, Davis",DMPTool,https://www.library.ucdavis.edu/service/data-management/plan-2/,2
"University of California, Davis",Electronic_lab_notebooks,https://www.library.ucdavis.edu/service/preserve-your-research/,1
"University of California, Davis",Geospatial_consult,https://www.library.ucdavis.edu/author/michele-tobias/,1
"University of California, Davis",Geospatial_consult,https://www.library.ucdavis.edu/guide/mapping-and-gis/,1
"University of California, Davis",Geospatial_instruction,https://www.library.ucdavis.edu/service/data-management/data-management-program-workshops-events/,1
"University of California, Davis",Geospatial_instruction,https://www.library.ucdavis.edu/service/data-management/mapping-cartography/,1
"University of California, Davis",Geospatial_software_consult,https://www.library.ucdavis.edu/guide/mapping-and-gis/#gis-resources-on-campus-1,1
"University of California, Davis",Geospatial_software_instruction,https://www.library.ucdavis.edu/guide/mapping-and-gis/#gis-resources-on-campus-1,1
"University of California, Davis",Geospatial_software_instruction,https://www.library.ucdavis.edu/service/data-management/data-management-program-workshops-events/,1
"University of California, Davis",Geospatial_software_web,https://www.library.ucdavis.edu/guide/mapping-and-gis/,1
"University of California, Davis",Geospatial_software_web,https://www.library.ucdavis.edu/guide/mapping-and-gis/#selected-map-gis-data-sources-4,1
"University of California, Davis",Geospatial_web,https://www.library.ucdavis.edu/guide/geospatial-data-for-storage-exchange/,1
"University of California, Davis",Geospatial_web,https://www.library.ucdavis.edu/guide/mapping-and-gis/,1
"University of California, Davis",OSF,https://www.library.ucdavis.edu/service/data-management/share/,1
"University of California, Davis",Reproducible_research,https://www.library.ucdavis.edu/service/data-management/stride/,1
"University of California, Davis",Statistical_consulting,https://www.library.ucdavis.edu/service/research-data-services/#Health%20Science%20Data%20at%20the%20Blaisdell%20Medical%20Library,1
"University of California, Davis",Text_data_mining,https://www.library.ucdavis.edu/service/digital-scholarship/,1
"University of California, Davis",Version_control,https://itcatalog.ucdavis.edu/service/github,1
"University of California, Davis",Version_control,https://www.library.ucdavis.edu/service/data-management/share/,1
"University of California, Los Angeles",Aerial_imagery,https://guides.library.ucla.edu/maps/aerial-photos,1
"University of California, Los Angeles",Aerial_imagery,https://www.library.ucla.edu/events/gis-day-2016,1
"University of California, Los Angeles",Carpentries,https://calendly.com/data-science-team,1
"University of California, Los Angeles",Carpentries,https://www.library.ucla.edu/events/library-carpentry-workshop-day-1,1
"University of California, Los Angeles",Data_analysis_consult,https://www.library.ucla.edu/datasquad,1
"University of California, Los Angeles",Data_analysis_consult,https://www.library.ucla.edu/support/support-instructors/teaching-consultations-assignment-design,1
"University of California, Los Angeles",Data_analysis_instruction,https://www.library.ucla.edu/events/hands-introduction-literate-programming-aug-25-2017,1
"University of California, Los Angeles",Data_analysis_web,https://www.library.ucla.edu/news/data-archive-workshops,1
"University of California, Los Angeles",Data_management_consult,https://www.library.ucla.edu/support/publishing-data-management/scholarly-communication-services/data-management-curation-services/data-management-plans,1
"University of California, Los Angeles",Data_management_consult,https://www.library.ucla.edu/support/research-help/research-data-services,1
"University of California, Los Angeles",Data_management_instruction,https://guides.library.ucla.edu/data-management-sciences,1
"University of California, Los Angeles",Data_management_plans_consult,https://www.library.ucla.edu/support/research-help/research-data-services,1
"University of California, Los Angeles",Data_management_plans_instruction,https://guides.library.ucla.edu/data-wednesdays/dmp?_ga=2.179210662.322659095.1593128726-1515400080.1593128726,1
"University of California, Los Angeles",Data_management_plans_web,https://guides.library.ucla.edu/c.php?g=180539&p=1189314,1
"University of California, Los Angeles",Data_management_plans_web,https://www.library.ucla.edu/location/data-science-center/data-archive-collections,1
"University of California, Los Angeles",Data_management_web,https://guides.library.ucla.edu/data-management-sciences,1
"University of California, Los Angeles",Data_repository,https://www.library.ucla.edu/events/open-access-data-repositories,1
"University of California, Los Angeles",Data_repository,https://www.library.ucla.edu/location/data-science-center/data-archive-collections,1
"University of California, Los Angeles",Data_visualization_software_consult,https://www.library.ucla.edu/datasquad,1
"University of California, Los Angeles",Data_visualization_software_consult,https://www.library.ucla.edu/events/intro-tableau-public,1
"University of California, Los Angeles",Data_visualization_software_instruction,https://www.library.ucla.edu/events/intro-tableau-public,1
"University of California, Los Angeles",Data_visualization_software_instruction,https://www.library.ucla.edu/support/research-help/research-data-services,1
"University of California, Los Angeles",Data_visualization_software_web,https://www.library.ucla.edu/news/research-data-visualization-2017-spring-workshop-series,1
"University of California, Los Angeles",DMPTool,https://guides.library.ucla.edu/c.php?g=180539&p=1189314,1
"University of California, Los Angeles",DMPTool,https://www.library.ucla.edu/news/new-dmptool-released,1
"University of California, Los Angeles",Electronic_lab_notebooks,https://www.library.ucla.edu/events/electronic-lab-notebooks-workshop-biomed-demo,1
"University of California, Los Angeles",Geospatial_consult,https://calendly.com/data-science-team,1
"University of California, Los Angeles",Geospatial_consult,https://www.library.ucla.edu/get-help,1
"University of California, Los Angeles",Geospatial_software_consult,https://calendly.com/data-science-team,1
"University of California, Los Angeles",Geospatial_software_instruction,https://www.library.ucla.edu/events/gis-python,1
"University of California, Los Angeles",Geospatial_software_web,https://guides.library.ucla.edu/c.php?g=180507&p=1187577,1
"University of California, Los Angeles",Geospatial_software_web,https://www.library.ucla.edu/events/discovering-data-making-maps,1
"University of California, Los Angeles",Geospatial_web,https://guides.library.ucla.edu/c.php?g=180507&p=1187577,1
"University of California, Los Angeles",OSF,https://www.library.ucla.edu/events/open-science-framework-research-workflows,1
"University of California, Los Angeles",Reproducible_research,https://www.library.ucla.edu/events/increasing-openness-reproducibility-quantitative-research,1
"University of California, Los Angeles",Statistical_consulting,https://calendly.com/data-science-team,1
"University of California, Los Angeles",Statistical_consulting,https://www.library.ucla.edu/datasquad,1
"University of California, Los Angeles",Text_data_mining,https://guides.library.ucla.edu/text,1
"University of California, Los Angeles",Text_data_mining,https://www.library.ucla.edu/events/text-data-mining-resource-spotlight,1
"University of California, Los Angeles",Version_control,https://www.library.ucla.edu/datasquad,1
"University of California, Los Angeles",Version_control,https://www.library.ucla.edu/events/gitgithub,1
"University of California, Los Angeles",Web_scraping,https://www.library.ucla.edu/datasquad,1
"University of California, Los Angeles",Web_scraping,https://www.library.ucla.edu/support/research-help/research-data-services,1
"University of Colorado, Boulder",Aerial_imagery,https://geo.colorado.edu/,1
"University of Colorado, Boulder",Aerial_imagery,https://libguides.colorado.edu/strategies/maps,1
"University of Colorado, Boulder",Carpentries,https://www.colorado.edu/libraries/research-assistance/data-services,1
"University of Colorado, Boulder",Data_analysis_consult,https://calendar.colorado.edu/event/interdisciplinary_data_consult_hours_5549?utm_campaign=widget&utm_medium=widget&utm_source=University+of+Colorado+Boulder,1
"University of Colorado, Boulder",Data_analysis_instruction,https://osf.io/36mj4/,1
"University of Colorado, Boulder",Data_management_consult,https://www.colorado.edu/libraries/research-assistance/data-services,1
"University of Colorado, Boulder",Data_management_instruction,https://www.colorado.edu/crdds/what-we-do/research-data-management,1
"University of Colorado, Boulder",Data_management_plans_consult,https://www.colorado.edu/libraries/research-assistance/data-services,1
"University of Colorado, Boulder",Data_repository,https://scholar.colorado.edu/about,1
"University of Colorado, Boulder",Data_visualization_software_consult,https://calendar.colorado.edu/event/interdisciplinary_data_consult_hours_5549?utm_campaign=widget&utm_medium=widget&utm_source=University+of+Colorado+Boulder,1
"University of Colorado, Boulder",Data_visualization_software_instruction,https://osf.io/36mj4/,1
"University of Colorado, Boulder",Data_visualization_software_web,https://www.colorado.edu/crdds/learning-materials,1
"University of Colorado, Boulder",DMPTool,https://www.colorado.edu/libraries/research-assistance/data-services,1
"University of Colorado, Boulder",Geospatial_consult,https://www.colorado.edu/libraries/research/consultation,1
"University of Colorado, Boulder",Geospatial_software_instruction,https://www.colorado.edu/libraries/research/digital-scholarship,1
"University of Colorado, Boulder",Geospatial_software_web,https://geo.colorado.edu/,1
"University of Colorado, Boulder",Geospatial_web,https://geo.colorado.edu/,1
"University of Colorado, Boulder",Geospatial_web,https://libguides.colorado.edu/strategies/maps,1
"University of Colorado, Boulder",OSF,https://www.colorado.edu/libraries/research-assistance/open-access,1
"University of Colorado, Boulder",OSF,https://www.colorado.edu/libraries/research/research-data-initiative/open-science-framework-institutions,1
"University of Colorado, Boulder",Statistical_consulting,https://calendar.colorado.edu/event/lisa_consult_hours?utm_campaign=widget&utm_medium=widget&utm_source=University+of+Colorado+Boulder,1
"University of Colorado, Boulder",Text_data_mining,https://www.colorado.edu/crdds/learning-materials,1
"University of Colorado, Boulder",Web_scraping,https://osf.io/36mj4/,1
University of Florida,Aerial_imagery,https://cms.uflib.ufl.edu/maps/collections,1
University of Florida,Aerial_imagery,https://guides.uflib.ufl.edu/c.php?g=147404&p=966753,1
University of Florida,Carpentries,https://datacarpentry.org/lessons/,1
University of Florida,Data_analysis_consult,http://arcs.uflib.ufl.edu/services/datascience/,1
University of Florida,Data_analysis_instruction,http://arcs.uflib.ufl.edu/services/datascience/,1
University of Florida,Data_management_consult,http://arcs.uflib.ufl.edu/consultations/,1
University of Florida,Data_management_instruction,https://guides.uflib.ufl.edu/datamanagement/home,2
University of Florida,Data_management_plans_consult,http://arcs.uflib.ufl.edu/consultations/,1
University of Florida,Data_management_plans_instruction,https://guides.uflib.ufl.edu/datamanagement/dmp,1
University of Florida,Data_management_plans_instruction,https://guides.uflib.ufl.edu/datamanagement/home,1
University of Florida,Data_management_plans_web,https://guides.uflib.ufl.edu/datamanagement/dmp,1
University of Florida,Data_management_plans_web,https://guides.uflib.ufl.edu/datamanagement/tableau,1
University of Florida,Data_management_web,https://guides.uflib.ufl.edu/datamanagement/home,1
University of Florida,Data_repository,http://arcs.uflib.ufl.edu/services/publishingarchiving/,1
University of Florida,Data_repository,https://guides.uflib.ufl.edu/c.php?g=636498&p=5441695,1
University of Florida,Data_visualization_software_consult,http://arcs.uflib.ufl.edu/services/visualization/,1
University of Florida,Data_visualization_software_instruction,https://guides.uflib.ufl.edu/images,1
University of Florida,Data_visualization_software_web,https://guides.uflib.ufl.edu/visualization,1
University of Florida,Data_visualization_software_web,https://guides.uflib.ufl.edu/Visualization,1
University of Florida,DMPTool,https://guides.uflib.ufl.edu/c.php?g=729909&p=5215812,1
University of Florida,DMPTool,https://guides.uflib.ufl.edu/datamanagement/dmp,1
University of Florida,Electronic_lab_notebooks,https://guides.uflib.ufl.edu/c.php?g=729909&p=5215812,1
University of Florida,Electronic_lab_notebooks,https://guides.uflib.ufl.edu/datamanagement/tools,1
University of Florida,Geospatial_consult,http://arcs.uflib.ufl.edu/services/geospatialanalysis/,1
University of Florida,Geospatial_consult,https://guides.uflib.ufl.edu/c.php?g=147404&p=966619,1
University of Florida,Geospatial_instruction,http://arcs.uflib.ufl.edu/services/geospatialanalysis/,1
University of Florida,Geospatial_instruction,https://guides.uflib.ufl.edu/c.php?g=147838&p=969165,1
University of Florida,Geospatial_software_consult,http://arcs.uflib.ufl.edu/services/geospatialanalysis/,1
University of Florida,Geospatial_software_consult,https://guides.uflib.ufl.edu/c.php?g=147404&p=966619,1
University of Florida,Geospatial_software_instruction,http://arcs.uflib.ufl.edu/services/geospatialanalysis/,1
University of Florida,Geospatial_web,https://guides.uflib.ufl.edu/c.php?g=147404&p=966619,2
University of Florida,OSF,https://guides.uflib.ufl.edu/datamanagement/tools,2
University of Florida,Reproducible_research,https://guides.uflib.ufl.edu/reproducibility,2
University of Florida,Statistical_consulting,http://arcs.uflib.ufl.edu/services/datascience/,1
University of Florida,Statistical_consulting,https://guides.uflib.ufl.edu/educationalstats,1
University of Florida,Text_data_mining,https://guides.uflib.ufl.edu/digitalhumanities/dh/tools,2
University of Florida,Version_control,http://apps.uflib.ufl.edu/Registration/public_workshops_view_details.aspx?ID=125,1
University of Florida,Version_control,https://guides.uflib.ufl.edu/c.php?g=1007095&p=7296054,1
University of Illinois at Urbana-Champaign,Aerial_imagery,https://www.library.illinois.edu/max/collections/aerial_photographs/,1
University of Illinois at Urbana-Champaign,Aerial_imagery,https://www.library.illinois.edu/max/collections/aerial_photographs/#ILPhotos,1
University of Illinois at Urbana-Champaign,Data_analysis_instruction,https://guides.library.illinois.edu/STATA,1
University of Illinois at Urbana-Champaign,Data_analysis_web,https://guides.library.illinois.edu/c.php?g=348074&p=2346110,1
University of Illinois at Urbana-Champaign,Data_analysis_web,https://www.library.illinois.edu/search.php?q=Data+analysis+or+programming&hl=en&safe=off&filter=0,1
University of Illinois at Urbana-Champaign,Data_management_instruction,http://guides.library.illinois.edu/introdata,1
University of Illinois at Urbana-Champaign,Data_management_instruction,https://www.library.illinois.edu/rds/workshops/,1
University of Illinois at Urbana-Champaign,Data_management_plans_instruction,https://www.library.illinois.edu/rds/plan/,1
University of Illinois at Urbana-Champaign,Data_management_plans_instruction,https://www.library.illinois.edu/rds/workshops/,1
University of Illinois at Urbana-Champaign,Data_management_plans_web,https://www.library.illinois.edu/rds/plan/,1
University of Illinois at Urbana-Champaign,Data_management_web,http://guides.library.illinois.edu/introdata,1
University of Illinois at Urbana-Champaign,Data_repository,http://guides.library.illinois.edu/introdata/preservation,1
University of Illinois at Urbana-Champaign,Data_repository,https://www.library.illinois.edu/scp/repositories/,1
University of Illinois at Urbana-Champaign,Data_visualization_software_instruction,https://guides.library.illinois.edu/visualize-your-data/,1
University of Illinois at Urbana-Champaign,Data_visualization_software_instruction,https://www.library.illinois.edu/sc/services/data-visualization/,1
University of Illinois at Urbana-Champaign,Data_visualization_software_web,https://www.library.illinois.edu/sc/services/data-visualization/,2
University of Illinois at Urbana-Champaign,DMPTool,https://guides.library.illinois.edu/istclibraryguide/datamgmt,1
University of Illinois at Urbana-Champaign,DMPTool,https://www.library.illinois.edu/rds/plan/,1
University of Illinois at Urbana-Champaign,Geospatial_consult,https://www.library.illinois.edu/sc/gis/consult/,2
University of Illinois at Urbana-Champaign,Geospatial_instruction,https://guides.library.illinois.edu/GIS/Workshops,1
University of Illinois at Urbana-Champaign,Geospatial_instruction,https://www.library.illinois.edu/sc/gis/workshops/,1
University of Illinois at Urbana-Champaign,Geospatial_software_consult,https://www.library.illinois.edu/sc/gis/consult/,2
University of Illinois at Urbana-Champaign,Geospatial_software_instruction,https://guides.library.illinois.edu/GIS/Workshops,1
University of Illinois at Urbana-Champaign,Geospatial_software_instruction,https://www.library.illinois.edu/sc/gis/software/,1
University of Illinois at Urbana-Champaign,Geospatial_web,https://guides.library.illinois.edu/GIS,1
University of Illinois at Urbana-Champaign,Geospatial_web,https://www.library.illinois.edu/sc/gis/community/,1
University of Illinois at Urbana-Champaign,OSF,https://guides.library.illinois.edu/c.php?g=348005&p=3423447,1
University of Illinois at Urbana-Champaign,Reproducible_research,https://guides.library.illinois.edu/c.php?g=706469&p=6591153,2
University of Illinois at Urbana-Champaign,Statistical_consulting,https://publish.illinois.edu/statsconsulting/,1
University of Illinois at Urbana-Champaign,Statistical_consulting,https://www.library.illinois.edu/sc/statistical-consulting/,1
University of Illinois at Urbana-Champaign,Text_data_mining,https://guides.library.illinois.edu/textmining,2
University of Illinois at Urbana-Champaign,Version_control,https://guides.library.illinois.edu/c.php?g=736070,2
University of Iowa,Aerial_imagery,https://www.lib.uiowa.edu/maps/aerial/,2
University of Iowa,Data_analysis_consult,https://www.lib.uiowa.edu/data/data-analysis/,1
University of Iowa,Data_analysis_instruction,http://www.lib.uiowa.edu/data/events/,1
University of Iowa,Data_analysis_instruction,https://www.lib.uiowa.edu/news-and-events/event/?id=53141,1
University of Iowa,Data_analysis_web,https://its.uiowa.edu/big-data-analytics,1
University of Iowa,Data_management_consult,https://www.lib.uiowa.edu/data/contact/,1
University of Iowa,Data_management_instruction,http://www.lib.uiowa.edu/data/plan/,1
University of Iowa,Data_management_plans_consult,https://www.lib.uiowa.edu/data/plan/,1
University of Iowa,Data_management_plans_instruction,http://www.lib.uiowa.edu/data/plan/tools/,1
University of Iowa,Data_management_plans_web,https://www.lib.uiowa.edu/data/plan/,1
University of Iowa,Data_management_web,http://www.lib.uiowa.edu/data/plan/funder-and-ui-requirements/,1
University of Iowa,Data_management_web,https://www.lib.uiowa.edu/data/manage/,1
University of Iowa,Data_repository,https://www.lib.uiowa.edu/data/share/data-repositories/,2
University of Iowa,Data_visualization_software_consult,https://www.lib.uiowa.edu/data/data-analysis/,2
University of Iowa,Data_visualization_software_instruction,https://ppc.uiowa.edu/isrc/methods-consulting,1
University of Iowa,Data_visualization_software_instruction,https://www.lib.uiowa.edu/news-and-events/event/?id=53141,1
University of Iowa,DMPTool,https://www.lib.uiowa.edu/data/plan/tools/,2
University of Iowa,Electronic_lab_notebooks,https://www.lib.uiowa.edu/data/manage/documenting/lab-notebooks/,2
University of Iowa,Geospatial_consult,https://guides.lib.uiowa.edu/c.php?g=132116&p=2316517,1
University of Iowa,Geospatial_instruction,https://guides.lib.uiowa.edu/c.php?g=132116&p=2316517,1
University of Iowa,Geospatial_instruction,https://guides.lib.uiowa.edu/c.php?g=132116&p=862378,1
University of Iowa,Geospatial_software_instruction,https://guides.lib.uiowa.edu/c.php?g=132116&p=2316517,1
University of Iowa,Geospatial_software_instruction,https://guides.lib.uiowa.edu/c.php?g=132116&p=6634664,1
University of Iowa,Geospatial_software_web,https://guides.lib.uiowa.edu/c.php?g=132116&p=2713587,1
University of Iowa,Geospatial_software_web,https://guides.lib.uiowa.edu/c.php?g=132116&p=6634664,1
University of Iowa,Geospatial_web,https://guides.lib.uiowa.edu/c.php?g=132116&p=862462,1
University of Iowa,Geospatial_web,https://guides.lib.uiowa.edu/gis,1
University of Iowa,Reproducible_research,https://blog.lib.uiowa.edu/news/2018/11/09/ui-libraries-collaborates-to-expand-access-to-research-data/,1
University of Iowa,Statistical_consulting,https://ppc.uiowa.edu/isrc/methods-consulting,1
University of Iowa,Text_data_mining,https://dsps.lib.uiowa.edu/programera/2018/10/10/extracting-and-organizing-htrc-corpora-tips-tool-and-walkthrough/,1
University of Iowa,Version_control,https://dsps.lib.uiowa.edu/bam/github/,1
University of Iowa,Version_control,https://www.lib.uiowa.edu/data/manage/version-control/,1
University of Iowa,Web_scraping,https://dsps.lib.uiowa.edu/digital-oxford-twp/2020/02/12/web-scraping-with-python-workshop/,1
"University of Maryland, College Park",Aerial_imagery,https://www.lib.umd.edu/dbfinder/list/facet/Subject/GIS+and+Maps,1
"University of Maryland, College Park",Carpentries,https://www.lib.umd.edu/rc/data-science,2
"University of Maryland, College Park",Data_analysis_consult,https://www.lib.umd.edu/rc/data-science,1
"University of Maryland, College Park",Data_analysis_instruction,https://lib.guides.umd.edu/c.php?g=327087&p=3506810,1
"University of Maryland, College Park",Data_analysis_instruction,https://www.lib.umd.edu/rc/data-science,1
"University of Maryland, College Park",Data_analysis_web,https://lib.guides.umd.edu/c.php?g=327087&p=3506810,2
"University of Maryland, College Park",Data_management_consult,https://www.lib.umd.edu/data/events,1
"University of Maryland, College Park",Data_management_instruction,https://www.lib.umd.edu/data/data-mgmt,1
"University of Maryland, College Park",Data_management_instruction,https://www.lib.umd.edu/rc/common-quandaries,1
"University of Maryland, College Park",Data_management_plans_consult,https://www.lib.umd.edu/data/dmp,1
"University of Maryland, College Park",Data_management_plans_instruction,https://www.lib.umd.edu/data/dmp,2
"University of Maryland, College Park",Data_management_plans_web,https://www.lib.umd.edu/data/dmp,1
"University of Maryland, College Park",Data_management_plans_web,https://www.lib.umd.edu/data/dmp-guide,1
"University of Maryland, College Park",Data_management_web,https://www.lib.umd.edu/data/data-mgmt,2
"University of Maryland, College Park",Data_repository,https://www.lib.umd.edu/data/repositories,2
"University of Maryland, College Park",Data_visualization_software_instruction,https://www.lib.umd.edu/binaries/content/assets/public/gis/data-viz-workbook---final-july-20189.13.18.pdf,1
"University of Maryland, College Park",Data_visualization_software_instruction,https://www.lib.umd.edu/rc/data-science,1
"University of Maryland, College Park",DMPTool,https://www.lib.umd.edu/data/data-mgmt,1
"University of Maryland, College Park",DMPTool,https://www.lib.umd.edu/data/dmp,1
"University of Maryland, College Park",Electronic_lab_notebooks,https://www.lib.umd.edu/binaries/content/assets/public/chemistry/elns/quick-start.pdf,1
"University of Maryland, College Park",Geospatial_consult,https://www.lib.umd.edu/gis,1
"University of Maryland, College Park",Geospatial_instruction,https://www.lib.umd.edu/gis/learning,1
"University of Maryland, College Park",Geospatial_instruction,https://www.lib.umd.edu/gis/workshops,1
"University of Maryland, College Park",Geospatial_software_consult,https://www.lib.umd.edu/gis,1
"University of Maryland, College Park",Geospatial_software_consult,https://www.lib.umd.edu/gis/people-and-facilities,1
"University of Maryland, College Park",Geospatial_software_instruction,https://www.lib.umd.edu/binaries/content/assets/public/gis/open-source-geospatial-tools-workbook-update-2019.pdf,1
"University of Maryland, College Park",Geospatial_software_instruction,https://www.lib.umd.edu/gis/workshops,1
"University of Maryland, College Park",Geospatial_software_web,https://www.lib.umd.edu/gis/learning,1
"University of Maryland, College Park",Geospatial_software_web,https://www.lib.umd.edu/gis/research,1
"University of Maryland, College Park",Geospatial_web,https://www.lib.umd.edu/gis/data-and-resources,1
"University of Maryland, College Park",Geospatial_web,https://www.lib.umd.edu/gis/what-is-gis,1
"University of Maryland, College Park",OSF,https://www.lib.umd.edu/news/2015/02/open-science,1
"University of Maryland, College Park",Statistical_consulting,https://www.lib.umd.edu/rc/statistical-consulting,2
"University of Maryland, College Park",Text_data_mining,https://lib.guides.umd.edu/textmining,1
"University of Maryland, College Park",Text_data_mining,https://www.lib.umd.edu/rc/data-and-text-mining,1
"University of Maryland, College Park",Web_scraping,https://www.lib.umd.edu/binaries/content/assets/public/gis/introduction-to-python-workbook-updated-020719.pdf,1
"University of Minnesota, Twin Cities",Aerial_imagery,https://www.lib.umn.edu/borchert/aerial-photography-and-remote-sensed-imagery,1
"University of Minnesota, Twin Cities",Aerial_imagery,https://www.lib.umn.edu/borchert/gis-data,1
"University of Minnesota, Twin Cities",Carpentries,https://dash.umn.edu/software-carpentry/,1
"University of Minnesota, Twin Cities",Data_analysis_consult,https://www.lib.umn.edu/datamanagement/computing,1
"University of Minnesota, Twin Cities",Data_analysis_instruction,https://www.lib.umn.edu/datamanagement/computing,1
"University of Minnesota, Twin Cities",Data_analysis_web,https://www.lib.umn.edu/datamanagement/computing,2
"University of Minnesota, Twin Cities",Data_management_consult,https://www.lib.umn.edu/datamanagement/workshops,1
"University of Minnesota, Twin Cities",Data_management_instruction,https://www.lib.umn.edu/datamanagement/best-practices-templates,1
"University of Minnesota, Twin Cities",Data_management_instruction,https://www.lib.umn.edu/datamanagement/workshops,1
"University of Minnesota, Twin Cities",Data_management_plans_consult,https://www.lib.umn.edu/datamanagement/DMP,1
"University of Minnesota, Twin Cities",Data_management_plans_consult,https://www.lib.umn.edu/datamanagement/workshops,1
"University of Minnesota, Twin Cities",Data_management_plans_instruction,https://www.lib.umn.edu/datamanagement/workshops,1
"University of Minnesota, Twin Cities",Data_management_plans_web,https://www.lib.umn.edu/datamanagement/dmp,1
"University of Minnesota, Twin Cities",Data_management_plans_web,https://www.lib.umn.edu/datamanagement/DMP,1
"University of Minnesota, Twin Cities",Data_management_web,https://www.lib.umn.edu/datamanagement/best-practices-templates,2
"University of Minnesota, Twin Cities",Data_repository,https://conservancy.umn.edu/handle/11299/166578,2
"University of Minnesota, Twin Cities",Data_visualization_software_consult,https://libguides.umn.edu/c.php?g=921727&p=6644331,1
"University of Minnesota, Twin Cities",Data_visualization_software_instruction,https://libguides.umn.edu/datavis,1
"University of Minnesota, Twin Cities",Data_visualization_software_web,https://libguides.umn.edu/c.php?g=921727&p=6642925,1
"University of Minnesota, Twin Cities",Data_visualization_software_web,https://libguides.umn.edu/c.php?g=921727&p=6642972,1
"University of Minnesota, Twin Cities",DMPTool,https://www.lib.umn.edu/datamanagement/dmp,1
"University of Minnesota, Twin Cities",DMPTool,https://www.lib.umn.edu/datamanagement/DMP,1
"University of Minnesota, Twin Cities",Electronic_lab_notebooks,https://www.lib.umn.edu/datamanagement/eln,2
"University of Minnesota, Twin Cities",Geospatial_instruction,https://www.lib.umn.edu/borchert/gis-data,1
"University of Minnesota, Twin Cities",Geospatial_software_instruction,https://www.lib.umn.edu/borchert/automated-cartographic-information-center,1
"University of Minnesota, Twin Cities",Geospatial_software_web,https://www.lib.umn.edu/borchert/automated-cartographic-information-center,1
"University of Minnesota, Twin Cities",Geospatial_web,https://www.lib.umn.edu/borchert/geodata,1
"University of Minnesota, Twin Cities",Geospatial_web,https://www.lib.umn.edu/borchert/map-geography-online-resources,1
"University of Minnesota, Twin Cities",OSF,https://www.lib.umn.edu/scholcom/open-science,2
"University of Minnesota, Twin Cities",Reproducible_research,https://www.lib.umn.edu/researchsupport/reproducibility,2
"University of Minnesota, Twin Cities",Text_data_mining,https://libguides.umn.edu/c.php?g=895901&p=6454823,1
"University of Minnesota, Twin Cities",Text_data_mining,https://libguides.umn.edu/text-mining,1
"University of Minnesota, Twin Cities",Version_control,https://www.continuum.umn.edu/event/programming-pizza-5/,1
University of North Carolina at Chapel Hill,Aerial_imagery,https://library.unc.edu/data/gis-usda/,2
University of North Carolina at Chapel Hill,Carpentries,https://guides.lib.unc.edu/intro-git-workshop,1
University of North Carolina at Chapel Hill,Data_analysis_consult,https://guides.lib.unc.edu/mattjansen,2
University of North Carolina at Chapel Hill,Data_analysis_instruction,https://guides.lib.unc.edu/mattjansen,1
University of North Carolina at Chapel Hill,Data_analysis_instruction,https://library.unc.edu/hub/services/statistical-consulting/,1
University of North Carolina at Chapel Hill,Data_management_consult,https://guides.lib.unc.edu/researchdatatoolkit/unc-services,1
University of North Carolina at Chapel Hill,Data_management_consult,https://library.unc.edu/hub/services/data-management-consulting/,1
University of North Carolina at Chapel Hill,Data_management_instruction,https://guides.lib.unc.edu/metadata,1
University of North Carolina at Chapel Hill,Data_management_plans_consult,https://guides.lib.unc.edu/researchdatatoolkit/unc-services,1
University of North Carolina at Chapel Hill,Data_management_plans_consult,https://library.unc.edu/hub/services/data-management-consulting/,1
University of North Carolina at Chapel Hill,Data_management_plans_instruction,https://guides.lib.unc.edu/dmpintro,1
University of North Carolina at Chapel Hill,Data_management_plans_web,https://guides.lib.unc.edu/dmpintro/tools,1
University of North Carolina at Chapel Hill,Data_management_plans_web,https://guides.lib.unc.edu/researchdatatoolkit/home,1
University of North Carolina at Chapel Hill,Data_management_web,https://guides.lib.unc.edu/researchdatatoolkit/home,1
University of North Carolina at Chapel Hill,Data_repository,https://guides.lib.unc.edu/metadata/repositories,1
University of North Carolina at Chapel Hill,Data_repository,https://guides.lib.unc.edu/researchdatatoolkit/choosing-a-repository,1
University of North Carolina at Chapel Hill,Data_visualization_software_consult,https://guides.lib.unc.edu/lorinbruckner,1
University of North Carolina at Chapel Hill,Data_visualization_software_instruction,https://guides.lib.unc.edu/DataViz/reading,1
University of North Carolina at Chapel Hill,Data_visualization_software_instruction,https://guides.lib.unc.edu/lorinbruckner,1
University of North Carolina at Chapel Hill,Data_visualization_software_web,http://learndataviz.web.unc.edu/,1
University of North Carolina at Chapel Hill,Data_visualization_software_web,https://guides.lib.unc.edu/DataViz/basics,1
University of North Carolina at Chapel Hill,DMPTool,https://guides.lib.unc.edu/researchdatatoolkit/tools,2
University of North Carolina at Chapel Hill,Geospatial_consult,https://library.unc.edu/data/gis-assistance/,2
University of North Carolina at Chapel Hill,Geospatial_software_consult,https://library.unc.edu/data/gis-assistance/,2
University of North Carolina at Chapel Hill,Geospatial_software_instruction,https://guides.lib.unc.edu/software/training,2
University of North Carolina at Chapel Hill,Geospatial_software_web,https://guides.lib.unc.edu/software/data-vis,1
University of North Carolina at Chapel Hill,Geospatial_software_web,https://guides.lib.unc.edu/software/software,1
University of North Carolina at Chapel Hill,Geospatial_web,https://guides.lib.unc.edu/citedata/additional,1
University of North Carolina at Chapel Hill,Geospatial_web,https://guides.lib.unc.edu/spatialdata/getting-started,1
University of North Carolina at Chapel Hill,OSF,https://guides.lib.unc.edu/researchdatatoolkit/tools,2
University of North Carolina at Chapel Hill,Reproducible_research,https://guides.lib.unc.edu/systematic-reviews,1
University of North Carolina at Chapel Hill,Statistical_consulting,https://library.unc.edu/hub/services/statistical-consulting/,2
University of North Carolina at Chapel Hill,Text_data_mining,https://guides.lib.unc.edu/dhatcarolina/skills,1
University of North Carolina at Chapel Hill,Version_control,https://guides.lib.unc.edu/intro-git-workshop,2
University of North Carolina at Chapel Hill,Web_scraping,https://guides.lib.unc.edu/dhatcarolina/skills,1
University of Oregon,Aerial_imagery,https://library.uoregon.edu/aerial-photography-collection,1
University of Oregon,Aerial_imagery,https://library.uoregon.edu/map/or/gis_or_city,1
University of Oregon,Data_analysis_consult,https://library.uoregon.edu/research-data-management/consultations,1
University of Oregon,Data_analysis_instruction,https://researchguides.uoregon.edu/c.php?g=567658&p=3987370,1
University of Oregon,Data_analysis_instruction,https://researchguides.uoregon.edu/library_workshops/python,1
University of Oregon,Data_analysis_web,https://researchguides.uoregon.edu/c.php?g=567658&p=3940646,1
University of Oregon,Data_analysis_web,https://researchguides.uoregon.edu/c.php?g=567658&p=3987370,1
University of Oregon,Data_management_consult,https://library.uoregon.edu/data-services/contact,1
University of Oregon,Data_management_instruction,https://researchguides.uoregon.edu/data-management/services,1
University of Oregon,Data_management_plans_consult,https://library.uoregon.edu/data-services/contact,1
University of Oregon,Data_management_plans_instruction,https://researchguides.uoregon.edu/data-management,1
University of Oregon,Data_management_plans_instruction,https://researchguides.uoregon.edu/library_workshops/DMPtool,1
University of Oregon,Data_management_plans_web,https://researchguides.uoregon.edu/data-management,1
University of Oregon,Data_management_plans_web,https://researchguides.uoregon.edu/data-management/dmp,1
University of Oregon,Data_management_web,https://researchguides.uoregon.edu/data-management/services,2
University of Oregon,Data_repository,https://researchguides.uoregon.edu/data-management/archiving,1
University of Oregon,Data_repository,https://researchguides.uoregon.edu/scholarsbank/faculty-publishing-data,1
University of Oregon,Data_visualization_software_consult,https://library.uoregon.edu/psc-visualization-lab,1
University of Oregon,Data_visualization_software_instruction,https://library.uoregon.edu/psc-visualization-lab,1
University of Oregon,Data_visualization_software_instruction,https://researchguides.uoregon.edu/library_workshops/r,1
University of Oregon,Data_visualization_software_web,https://library.uoregon.edu/scilib/psc-visualization-lab-resources,1
University of Oregon,DMPTool,https://researchguides.uoregon.edu/dmp-tool,2
University of Oregon,Electronic_lab_notebooks,http://researchguides.uoregon.edu/library_workshops/digital_projects,1
University of Oregon,Geospatial_consult,http://researchguides.uoregon.edu/gis/guide,1
University of Oregon,Geospatial_instruction,https://researchguides.uoregon.edu/gis/data,1
University of Oregon,Geospatial_software_consult,http://researchguides.uoregon.edu/gis/guide,1
University of Oregon,Geospatial_software_instruction,https://library.uoregon.edu/portland/gis,1
University of Oregon,Geospatial_software_web,http://researchguides.uoregon.edu/gis/uo-resources,1
University of Oregon,Geospatial_software_web,https://library.uoregon.edu/map/general_libInfo/library_checkout,1
University of Oregon,Geospatial_web,https://library.uoregon.edu/dc/dlc/geospatialdata.html,1
University of Oregon,Geospatial_web,https://library.uoregon.edu/map/gis_data/data_in_commons,1
University of Oregon,OSF,http://researchguides.uoregon.edu/library_workshops/using_osf,1
University of Oregon,OSF,https://researchguides.uoregon.edu/library_workshops/digital_projects,1
University of Oregon,Statistical_consulting,https://library.uoregon.edu/research-data-management/consultations,2
University of Oregon,Text_data_mining,https://library.uoregon.edu/digital-scholarship-workshop-demand-tbd,1
University of Oregon,Version_control,http://researchguides.uoregon.edu/library_workshops/version_control,1
University of Oregon,Version_control,https://researchguides.uoregon.edu/library_workshops/version_control,1
University of Southern California,Aerial_imagery,https://libguides.usc.edu/spatial,1
University of Southern California,Data_analysis_consult,https://libguides.usc.edu/healthsciences/nml-bioinfo,1
University of Southern California,Data_analysis_web,https://libguides.usc.edu/c.php?g=234919,1
University of Southern California,Data_management_instruction,https://libguides.usc.edu/CER_RDM,1
University of Southern California,Data_management_plans_instruction,https://libguides.usc.edu/CER_RDM,1
University of Southern California,Data_management_plans_web,https://libguides.usc.edu/datareference,1
University of Southern California,Data_management_web,https://libraries.usc.edu/databases/dataverse,1
University of Southern California,Data_repository,https://libraries.usc.edu/article/usc-digital-repository-shapes-future-archiving,1
University of Southern California,Data_visualization_software_instruction,https://libraries.usc.edu/events/usc-libraries-data-and-visualization-workshops-0,1
University of Southern California,Data_visualization_software_web,https://libguides.usc.edu/visualizeLA,1
University of Southern California,DMPTool,https://libguides.usc.edu/CER_RDM,1
University of Southern California,Geospatial_instruction,https://libguides.usc.edu/spatial,1
University of Southern California,Geospatial_software_web,https://libguides.usc.edu/c.php?g=235195&p=1560665,1
University of Southern California,Geospatial_web,https://libguides.usc.edu/c.php?g=235195&p=1562120,1
University of Southern California,Geospatial_web,https://libguides.usc.edu/prf.php?account_id=24691,1
University of Southern California,OSF,https://libguides.usc.edu/CER_RDM,1
University of Southern California,Reproducible_research,https://libguides.usc.edu/CER_RDM,1
University of Southern California,Statistical_consulting,http://norris.usc.libguides.com/content.php?pid=51351,1
University of Southern California,Text_data_mining,https://libguides.usc.edu/contentmining,1
University of Texas at Austin,Aerial_imagery,https://www.lib.utexas.edu/events/356,1
University of Texas at Austin,Carpentries,https://www.lib.utexas.edu/events/285,2
University of Texas at Austin,Data_analysis_instruction,https://www.lib.utexas.edu/events/234,1
University of Texas at Austin,Data_analysis_web,https://guides.lib.utexas.edu/datalab/home,1
University of Texas at Austin,Data_management_consult,https://www.lib.utexas.edu/research-help-support/research-data-services,2
University of Texas at Austin,Data_management_instruction,https://guides.lib.utexas.edu/data-and-donuts/managing-research-data,1
University of Texas at Austin,Data_management_plans_consult,https://www.lib.utexas.edu/research-help-support/research-data-services,2
University of Texas at Austin,Data_management_plans_web,https://guides.lib.utexas.edu/DMP,1
University of Texas at Austin,Data_management_plans_web,https://www.lib.utexas.edu/research-help-support/research-data-services,1
University of Texas at Austin,Data_repository,https://data.tdl.org/,1
University of Texas at Austin,Data_repository,https://guides.lib.utexas.edu/c.php?g=1020955&p=7429419,1
University of Texas at Austin,Data_visualization_software_instruction,https://guides.lib.utexas.edu/c.php?g=494171&p=5550738,1
University of Texas at Austin,Data_visualization_software_instruction,https://www.lib.utexas.edu/events/312,1
University of Texas at Austin,Data_visualization_software_web,https://guides.lib.utexas.edu/data-visualization,1
University of Texas at Austin,DMPTool,https://guides.lib.utexas.edu/c.php?g=1020955&p=7395489,1
University of Texas at Austin,DMPTool,https://www.lib.utexas.edu/research-help-support/research-data-services,1
University of Texas at Austin,Geospatial_consult,https://www.lib.utexas.edu/research-help-support/gis-geospatial-data-services,1
University of Texas at Austin,Geospatial_instruction,https://guides.lib.utexas.edu/gis/past-event-info-and-downloads,1
University of Texas at Austin,Geospatial_instruction,https://www.lib.utexas.edu/research-help-support/gis-geospatial-data-services,1
University of Texas at Austin,Geospatial_software_consult,https://www.lib.utexas.edu/research-help-support/gis-geospatial-data-services,1
University of Texas at Austin,Geospatial_software_instruction,https://guides.lib.utexas.edu/gis/past-event-info-and-downloads,1
University of Texas at Austin,Geospatial_software_instruction,https://www.lib.utexas.edu/research-help-support/gis-geospatial-data-services,1
University of Texas at Austin,Geospatial_software_web,https://guides.lib.utexas.edu/gis,1
University of Texas at Austin,Geospatial_software_web,https://guides.lib.utexas.edu/gis/install-gis-software,1
University of Texas at Austin,Geospatial_web,https://guides.lib.utexas.edu/gis,1
University of Texas at Austin,Geospatial_web,https://guides.lib.utexas.edu/gis/gis-events-and-resources,1
University of Texas at Austin,Text_data_mining,https://www.lib.utexas.edu/events/238,1
University of Texas at Austin,Text_data_mining,https://www.lib.utexas.edu/events/68,1
University of Texas at Austin,Version_control,https://guides.lib.utexas.edu/c.php?g=494171&p=5550739,1
University of Texas at Austin,Version_control,https://www.lib.utexas.edu/events/76,1
University of Texas at Austin,Web_scraping,https://www.lib.utexas.edu/events/238,2
University of Utah,Aerial_imagery,https://campusguides.lib.utah.edu/c.php?g=160828&p=1054034,2
University of Utah,Data_analysis_instruction,https://campusguides.lib.utah.edu/c.php?g=893558&p=6660727,1
University of Utah,Data_analysis_web,https://campusguides.lib.utah.edu/c.php?g=893558&p=6425370,1
University of Utah,Data_analysis_web,https://lib.utah.edu/services/knowledge-commons/software.php,1
University of Utah,Data_management_consult,https://campusguides.lib.utah.edu/c.php?g=246386&p=2090992,1
University of Utah,Data_management_consult,https://lib.utah.edu/services/data-management/consultations.php,1
University of Utah,Data_management_instruction,https://campusguides.lib.utah.edu/c.php?g=246386&p=2090992,1
University of Utah,Data_management_instruction,https://lib.utah.edu/services/data-management/education-training.php,1
University of Utah,Data_management_plans_consult,https://campusguides.lib.utah.edu/c.php?g=246386&p=2090997,1
University of Utah,Data_management_plans_consult,https://lib.utah.edu/services/data-management/plans.php,1
University of Utah,Data_management_plans_instruction,https://campusguides.lib.utah.edu/c.php?g=246386&p=2090997,1
University of Utah,Data_management_plans_instruction,https://lib.utah.edu/services/data-management/education-training.php,1
University of Utah,Data_management_plans_web,http://campusguides.lib.utah.edu/c.php?g=160412&p=1051780,1
University of Utah,Data_management_plans_web,https://campusguides.lib.utah.edu/c.php?g=246386&p=2090997,1
University of Utah,Data_management_web,http://campusguides.lib.utah.edu/researchdata,1
University of Utah,Data_management_web,https://campusguides.lib.utah.edu/c.php?g=246386&p=2090992,1
University of Utah,Data_repository,https://campusguides.lib.utah.edu/data_repositories,1
University of Utah,Data_repository,https://lib.utah.edu/services/data-management/consultations.php,1
University of Utah,Data_visualization_software_instruction,https://campusguides.lib.utah.edu/c.php?g=160571&p=1050556,1
University of Utah,Data_visualization_software_web,https://campusguides.lib.utah.edu/c.php?g=160762&p=1050352,1
University of Utah,Data_visualization_software_web,https://campusguides.lib.utah.edu/c.php?g=893558&p=6444106,1
University of Utah,DMPTool,http://campusguides.lib.utah.edu/c.php?g=160412&p=1051780,1
University of Utah,DMPTool,https://campusguides.lib.utah.edu/c.php?g=160844&p=1050780,1
University of Utah,Electronic_lab_notebooks,http://campusguides.lib.utah.edu/ELNs,1
University of Utah,Electronic_lab_notebooks,https://campusguides.lib.utah.edu/ELNs,1
University of Utah,Geospatial_consult,https://lib.utah.edu/services/geospatial/services.php,1
University of Utah,Geospatial_instruction,https://campusguides.lib.utah.edu/c.php?g=160707&p=1051857,1
University of Utah,Geospatial_instruction,https://lib.utah.edu/services/geospatial/services.php,1
University of Utah,Geospatial_software_consult,https://lib.utah.edu/services/geospatial/training-materials.php,1
University of Utah,Geospatial_software_instruction,https://campusguides.lib.utah.edu/c.php?g=160702,1
University of Utah,Geospatial_software_instruction,https://lib.utah.edu/services/geospatial/training-materials.php,1
University of Utah,Geospatial_software_web,https://campusguides.lib.utah.edu/c.php?g=160702&p=1052576,1
University of Utah,Geospatial_software_web,https://lib.utah.edu/services/geospatial/training-materials.php,1
University of Utah,Geospatial_web,https://campusguides.lib.utah.edu/c.php?g=160707&p=1052255,1
University of Utah,Geospatial_web,https://lib.utah.edu/services/geospatial/services.php,1
University of Utah,OSF,https://campusguides.lib.utah.edu/reproducibility/toolkit,1
University of Utah,Reproducible_research,https://campusguides.lib.utah.edu/reproducibility,2
University of Utah,Statistical_consulting,http://campusguides.lib.utah.edu/SAS,1
University of Utah,Statistical_consulting,https://lib.utah.edu/services/stats-ta.php,1
University of Utah,Text_data_mining,https://campusguides.lib.utah.edu/miningengineering/texts,1
University of Utah,Version_control,https://campusguides.lib.utah.edu/reproducibility/toolkit,1
University of Utah,Version_control,https://campusguides.lib.utah.edu/srch.php?tag=GitHub&default_lg=1,1
University of Utah,Web_scraping,https://campusguides.lib.utah.edu/c.php?g=893558&p=6660727,1
University of Washington,Aerial_imagery,https://guides.lib.uw.edu/research/gis/imagery_available,1
University of Washington,Aerial_imagery,https://guides.lib.uw.edu/research/maps/aerial_photography,1
University of Washington,Data_analysis_instruction,https://guides.lib.uw.edu/research/dstools/help,1
University of Washington,Data_analysis_web,https://guides.lib.uw.edu/hsl/data/analyze,1
University of Washington,Data_analysis_web,https://guides.lib.uw.edu/research/dstools/help,1
University of Washington,Data_management_consult,https://www.lib.washington.edu/digitalscholarship/services/data,1
University of Washington,Data_management_instruction,https://guides.lib.uw.edu/research/dmg,1
University of Washington,Data_management_instruction,https://www.lib.washington.edu/digitalscholarship/hacking-the-academy-programming-series,1
University of Washington,Data_management_plans_consult,https://guides.lib.uw.edu/research/dmg/dmp,2
University of Washington,Data_management_plans_instruction,https://guides.lib.uw.edu/research/dmg/dmp,1
University of Washington,Data_management_plans_instruction,https://www.lib.washington.edu/digitalscholarship/hacking-the-academy-programming-series,1
University of Washington,Data_management_plans_web,https://guides.lib.uw.edu/research/dmg/dmp,2
University of Washington,Data_management_web,https://guides.lib.uw.edu/friendly.php?s=research/dmg,1
University of Washington,Data_management_web,https://guides.lib.uw.edu/research/dmg,1
University of Washington,Data_repository,https://guides.lib.uw.edu/hsl/data/find,1
University of Washington,Data_repository,https://guides.lib.uw.edu/research/dmg/ssp,1
University of Washington,Data_visualization_software_instruction,https://guides.lib.uw.edu/hsl/data/analyze#s-lg-box-1908365,1
University of Washington,Data_visualization_software_web,https://guides.lib.uw.edu/hsl/data/analyze,1
University of Washington,Data_visualization_software_web,https://guides.lib.uw.edu/research/dstools/visualize,1
University of Washington,DMPTool,https://guides.lib.uw.edu/research/dmg/home,1
University of Washington,DMPTool,https://www.lib.washington.edu/dataservices/tools/dmptool,1
University of Washington,Electronic_lab_notebooks,https://guides.lib.uw.edu/research/ELN,2
University of Washington,Geospatial_consult,https://guides.lib.uw.edu/research/gis/home,1
University of Washington,Geospatial_consult,https://guides.lib.uw.edu/research/gis/resources,1
University of Washington,Geospatial_software_consult,https://guides.lib.uw.edu/research/gis/resources,2
University of Washington,Geospatial_software_web,https://guides.lib.uw.edu/research/gis/resources,2
University of Washington,Geospatial_web,https://guides.lib.uw.edu/research/gis/data_sites,1
University of Washington,Geospatial_web,https://guides.lib.uw.edu/research/gis/home,1
University of Washington,OSF,https://guides.lib.uw.edu/research/osf,1
University of Washington,OSF,https://www.lib.washington.edu/dataservices/tools/osf,1
University of Washington,Reproducible_research,https://guides.lib.uw.edu/research/reproducibility,2
University of Washington,Statistical_consulting,https://guides.lib.uw.edu/research/dstools/help,1
University of Washington,Text_data_mining,https://guides.lib.uw.edu/research/dstools/tdm,2
University of Washington,Version_control,https://guides.lib.uw.edu/research/reproducibility/robust-coding,1
University of Washington,Web_scraping,https://guides.lib.uw.edu/dsjapan/tools,1
"University of Wisconsin, Madison",Aerial_imagery,https://geography.wisc.edu/maplibrary/aerial-photography/,1
"University of Wisconsin, Madison",Carpentries,https://ebling.library.wisc.edu/2020/05/14/data-carpentry-on-zoom/,1
"University of Wisconsin, Madison",Data_analysis_instruction,https://researchguides.library.wisc.edu/R/why,1
"University of Wisconsin, Madison",Data_analysis_web,https://researchguides.library.wisc.edu/R,1
"University of Wisconsin, Madison",Data_management_consult,https://researchdata.wisc.edu/consultations/,1
"University of Wisconsin, Madison",Data_management_instruction,https://researchdata.wisc.edu/our-services/,1
"University of Wisconsin, Madison",Data_management_plans_consult,https://researchdata.wisc.edu/our-services/,1
"University of Wisconsin, Madison",Data_management_plans_instruction,https://researchdata.wisc.edu/our-services/,1
"University of Wisconsin, Madison",Data_management_plans_web,https://researchdata.wisc.edu/dmp-introduction/,1
"University of Wisconsin, Madison",Data_management_web,https://lo.library.wisc.edu/research_data_mgmt/,1
"University of Wisconsin, Madison",Data_repository,https://www.library.wisc.edu/digital-library-services/minds/,1
"University of Wisconsin, Madison",Data_visualization_software_instruction,https://researchguides.library.wisc.edu/R/why,1
"University of Wisconsin, Madison",Data_visualization_software_web,https://researchguides.library.wisc.edu/R/ggplot2,1
"University of Wisconsin, Madison",DMPTool,https://researchdata.wisc.edu/dmp-use-dmptool-to-write-your-dmp/,1
"University of Wisconsin, Madison",Electronic_lab_notebooks,https://eln.wisc.edu/,1
"University of Wisconsin, Madison",Geospatial_consult,https://researchguides.library.wisc.edu/c.php?g=178144&p=1170191,1
"University of Wisconsin, Madison",Geospatial_instruction,https://researchguides.library.wisc.edu/c.php?g=178144&p=1170191,1
"University of Wisconsin, Madison",Geospatial_software_consult,https://researchguides.library.wisc.edu/c.php?g=178144&p=1170191,1
"University of Wisconsin, Madison",Geospatial_software_instruction,https://researchguides.library.wisc.edu/c.php?g=178144&p=1170191,1
"University of Wisconsin, Madison",Geospatial_software_web,https://researchguides.library.wisc.edu/c.php?g=178144&p=1169833,1
"University of Wisconsin, Madison",Geospatial_web,https://researchguides.library.wisc.edu/GIS,1
"University of Wisconsin, Madison",Text_data_mining,https://researchguides.library.wisc.edu/c.php?g=246897&p=1645187,1
"University of Wisconsin, Madison",Version_control,https://researchguides.library.wisc.edu/R/git,1
Washington State University,Aerial_imagery,http://forestry.wsu.edu/wp-content/.../Mapping-Spatial-Resources-Handout.pdf,1
Washington State University,Aerial_imagery,https://geography.wisc.edu/maplibrary/aerial-photography/,1
Washington State University,Carpentries,http://ebling.library.wisc.edu/2019/05/13/data-carpentry-workshop/,1
Washington State University,Data_analysis_consult,https://ciser.wsu.edu/initial-meeting-request/,1
Washington State University,Data_analysis_instruction,https://ciser.wsu.edu/events-workshops/,1
Washington State University,Data_analysis_web,https://atl.wsu.edu/assessment-toolkits/assessment-data-analysis-toolkit/,1
Washington State University,Data_analysis_web,https://libguides.libraries.wsu.edu/dataviz/programming,1
Washington State University,Data_management_consult,https://libguides.libraries.wsu.edu/rdmlibguide/training,1
Washington State University,Data_management_instruction,https://cereo.wsu.edu/data-management-workshops/,1
Washington State University,Data_management_instruction,https://libguides.libraries.wsu.edu/rdmlibguide/training,1
Washington State University,Data_management_instruction,https://lo.library.wisc.edu/research_data_mgmt/,1
Washington State University,Data_management_plans_consult,https://libguides.libraries.wsu.edu/datamanagement/introduction,1
Washington State University,Data_management_plans_instruction,https://libguides.libraries.wsu.edu/datamanagement,1
Washington State University,Data_management_plans_web,https://libguides.libraries.wsu.edu/datamanagement,1
Washington State University,Data_management_plans_web,https://libguides.libraries.wsu.edu/datamanagement/datasharing,1
Washington State University,Data_management_web,https://libguides.libraries.wsu.edu/rdmlibguide,2
Washington State University,Data_management_web,https://lo.library.wisc.edu/research_data_lifecycle/story_html5.html,1
Washington State University,Data_repository,https://libguides.libraries.wsu.edu/datamanagement/datastorage,2
Washington State University,Data_repository,https://www.library.wisc.edu/digital-library-services/,1
Washington State University,Data_visualization_software_instruction,https://libguides.libraries.wsu.edu/dataviz/programming,1
Washington State University,Data_visualization_software_web,https://designlab.wisc.edu/tag/data-visualization/,1
Washington State University,Data_visualization_software_web,https://libguides.libraries.wsu.edu/dataviz,2
Washington State University,DMPTool,http://ebling.library.wisc.edu/2019/02/19/dmptool-will-help-manage-your-data-upcoming-workshops/,1
Washington State University,DMPTool,https://libguides.libraries.wsu.edu/datamanagement/dmp,2
Washington State University,Electronic_lab_notebooks,http://ebling.library.wisc.edu/2018/07/19/electronic-lab-notebooks-all-invited/,1
Washington State University,Electronic_lab_notebooks,http://libguides.libraries.wsu.edu/rdmlibguide/metadata,1
Washington State University,Geospatial_consult,https://geography.wisc.edu/maplibrary/geographic-information-systems-gis/,1
Washington State University,Geospatial_consult,https://libguides.libraries.wsu.edu/c.php?g=294141&p=1959555,2
Washington State University,Geospatial_instruction,https://libguides.libraries.wsu.edu/c.php?g=294141&p=1959556,1
Washington State University,Geospatial_software_consult,https://geography.wisc.edu/maplibrary/geographic-information-systems-gis/,1
Washington State University,Geospatial_software_instruction,https://researchguides.library.wisc.edu/c.php?g=178144&p=7290067,1
Washington State University,Geospatial_software_web,https://geography.wisc.edu/maplibrary/geospatial-data-resources-u-s/,1
Washington State University,Geospatial_software_web,https://libguides.libraries.wsu.edu/c.php?g=294141&p=1959555,1
Washington State University,Geospatial_software_web,https://libguides.libraries.wsu.edu/c.php?g=294141&p=1959556,1
Washington State University,Geospatial_web,https://libguides.libraries.wsu.edu/c.php?g=294141&p=1959554,1
Washington State University,Geospatial_web,https://libguides.libraries.wsu.edu/c.php?g=294141&p=1959560,1
Washington State University,Geospatial_web,https://researchguides.library.wisc.edu/GIS,1
Washington State University,OSF,https://libguides.libraries.wsu.edu/lovedataweek,1
Washington State University,Reproducible_research,https://libguides.libraries.wsu.edu/lovedataweek,1
Washington State University,Statistical_consulting,https://ciser.wsu.edu/consulting/,1
Washington State University,Statistical_consulting,https://researchguides.library.wisc.edu/health-statistics,1
Washington State University,Text_data_mining,https://libguides.libraries.wsu.edu/c.php?g=388821&p=2638273,1
Washington State University,Text_data_mining,https://www.library.wisc.edu/digital-library-services/uwdcc/resources-documentation/guidelines-for-markup-of-electronic-texts/,1
Washington State University,Version_control,https://cereo.wsu.edu/2018/03/16/github-version-control-collaboration/,1
