"Institution","Service","Mode","URL"
"Arizona State University","Aerial_imagery",NA,"https://lib.asu.edu/geo"
"Arizona State University","Data_analysis","Instruction","https://lib.asu.edu/data/open-lab"
"Arizona State University","Data_management_plans","Consult","https://libguides.asu.edu/data"
"Arizona State University","Data_management_plans","Web","https://libguides.asu.edu/c.php?g=264208&p=1763700"
"Arizona State University","Data_management","Web","https://libguides.asu.edu/c.php?g=264208&p=1763700"
"Arizona State University","Data_repository",NA,"https://lib.asu.edu/research/store"
"Arizona State University","Data_visualization_software","Consult","https://lib.asu.edu/data/open-lab"
"Arizona State University","DMPTool",NA,"https://libguides.asu.edu/data/start/dmptool"
"Arizona State University","Geospatial","Consult","https://lib.asu.edu/geo/services"
"Arizona State University","Geospatial_software","Consult","https://lib.asu.edu/geo/services"
"Arizona State University","Geospatial_software","Instruction","https://lib.asu.edu/geo/software"
"Michigan State University","Data_management","Consult","https://lib.msu.edu/rdmg/advising/"
"Michigan State University","Data_management_plans","Consult","https://lib.msu.edu/rdmg/advising/"
"Michigan State University","Data_management","Web","https://lib.msu.edu/rdmg/resources/"
"Michigan State University","Data_visualization_software","Consult","http://digitalscholarshiplab.msu.edu/using-the-lab/experts/; https://lib.msu.edu/about/data/"
"Michigan State University","Geospatial","Instruction","http://libguides.lib.msu.edu/gis"
"Michigan State University","Geospatial_software","Instruction","http://libguides.lib.msu.edu/gis"
"Michigan State University","Geospatial_software","Web","http://libguides.lib.msu.edu/c.php?g=95932&p=1493888"
"Ohio State University","Data_management_plans","Consult","https://library.osu.edu/researchcommons/help/managing-data"
"Ohio State University","Data_management","Web","https://guides.osu.edu/IntroDataManagement"
"Ohio State University","Data_repository",NA,"https://library.osu.edu/site/osulstaff/2020/01/31/ohio-state-new-institutional-member-of-dryad-open-data-repository/"
"Ohio State University","Data_visualization_software","Consult","https://library.osu.edu/researchcommons/help/visualizing-data"
"Ohio State University","DMPTool",NA,"https://library.osu.edu/researchcommons/2018/03/09/new-dmptool"
"Ohio State University","Geospatial","Consult","https://library.osu.edu/researchcommons/help/gis-and-mapping"
"Ohio State University","Geospatial_software","Consult","https://library.osu.edu/researchcommons/help/gis-and-mapping"
"Ohio State University","Geospatial_software","Web","http://guides.osu.edu/maps-geospatial-data/software-tools"
"Ohio State University","Text_data_mining",NA,"https://research.osu.edu/collaborative-archive-and-data-research-environment-cadre-services-now-available/"
"Ohio State University","Web_scraping",NA,"https://library.osu.edu/researchcommons/project-intake"
"Oregon State University","Aerial_imagery",NA,"https://guides.library.oregonstate.edu/c.php?g=285932&p=1906685; https://spatialdata.oregonexplorer.info/geoportal/"
"Oregon State University","Carpentries",NA,"https://library.oregonstate.edu/researcher-support"
"Oregon State University","Data_management_plans","Consult","https://guides.library.oregonstate.edu/friendly.php?s=dmp"
"Oregon State University","Data_management_plans","Web","https://guides.library.oregonstate.edu/friendly.php?s=dmp"
"Oregon State University","Data_management","Web","https://guides.library.oregonstate.edu/research-data-services/managing-data"
"Oregon State University","Data_repository",NA,"https://guides.library.oregonstate.edu/research-data-services/data-management-data-repositories"
"Oregon State University","DMPTool",NA,"https://guides.library.oregonstate.edu/friendly.php?s=dmp"
"Oregon State University","Geospatial","Web","https://guides.library.oregonstate.edu/c.php?g=285915&p=1905258"
"Oregon State University","Version_control",NA,"https://osulp.github.io/workshop_intro_to_git/"
"Pennsylvania State University","Aerial_imagery",NA,"http://guides.libraries.psu.edu/aerialphotographs"
"Pennsylvania State University","Data_analysis","Consult","https://guides.libraries.psu.edu/c.php?g=894031&p=6889383"
"Pennsylvania State University","Data_analysis","Instruction","https://libraries.psu.edu/about/departments/research-informatics-and-publishing/training-events"
"Pennsylvania State University","Data_analysis","Web","https://guides.libraries.psu.edu/c.php?g=894031&p=6429300"
"Pennsylvania State University","Data_management","Consult","https://libraries.psu.edu/research/research-data-services/data-management"
"Pennsylvania State University","Data_management_plans","Consult","http://guides.libraries.psu.edu/dmptoolkit; https://libraries.psu.edu/research/research-data-services/data-management"
"Pennsylvania State University","Data_management","Web","http://guides.libraries.psu.edu/dmptoolkit"
"Pennsylvania State University","Data_visualization_software","Consult","https://guides.libraries.psu.edu/data-analytics-visualization; https://libraries.psu.edu/about/departments/research-informatics-and-publishing/advanced-analytics-and-visualization-digital"
"Pennsylvania State University","Data_visualization_software","Instruction","https://guides.libraries.psu.edu/data-analytics-visualization"
"Pennsylvania State University","Geospatial","Consult","https://libraries.psu.edu/about/libraries/donald-w-hamer-center-maps-and-geospatial-information/request-geospatial-or-maps"
"Pennsylvania State University","Statistical_consulting",NA,"https://libraries.psu.edu/research/research-data-services/statistical-consultations"
"Stanford University","Carpentries",NA,"https://library.stanford.edu/research/data-management-services/events"
"Stanford University","Data_analysis","Consult","https://ssds.stanford.edu/consulting-workshops/walk-consulting"
"Stanford University","Data_analysis","Instruction","https://library.stanford.edu/research/cidr/workshops"
"Stanford University","Data_management","Consult","https://library.stanford.edu/research/data-management-services"
"Stanford University","Data_management_plans","Consult","https://library.stanford.edu/research/data-management-services/consulting-training-and-other-services"
"Stanford University","Data_management_plans","Instruction","https://library.stanford.edu/research/data-management-services/consulting-training-and-other-services"
"Stanford University","Data_management_plans","Web","https://library.stanford.edu/research/data-management-services/data-management-plans"
"Stanford University","Data_management","Web","https://library.stanford.edu/research/data-management-services/data-best-practices; https://www.dataone.org/all-best-practices"
"Stanford University","Data_visualization_software","Instruction","https://library.stanford.edu/events/data-visualization-tableau"
"Stanford University","DMPTool",NA,"https://library.stanford.edu/research/data-management-services/data-management-plans/dmptool"
"Stanford University","Electronic_lab_notebooks",NA,"https://library.stanford.edu/science/software/chemoffice-professional"
"Stanford University","Geospatial","Consult","https://library.stanford.edu/research/stanford-geospatial-center/services; https://library.stanford.edu/rumsey/using-center/teaching-researching-and-consulting"
"Stanford University","Geospatial","Instruction","https://library.stanford.edu/research/stanford-geospatial-center/workshops"
"Stanford University","Geospatial_software","Instruction","https://library.stanford.edu/research/stanford-geospatial-center/workshops"
"Stanford University","Geospatial_software","Web","https://library.stanford.edu/research/stanford-geospatial-center/software"
"Stanford University","Statistical_consulting",NA,"https://library.stanford.edu/research/cidr/consulting"
"Stanford University","Version_control",NA,"https://library.stanford.edu/events/introduction-git-github-organizing-your-stuff-1"
"Stanford University","Web_scraping",NA,"https://library.stanford.edu/research/cidr/consulting"
"Texas A&M University","Aerial_imagery",NA,"http://tamu.libguides.com/aerialphotos"
"Texas A&M University","Data_management","Instruction","http://tamu.libguides.com/research-data-management/workshops; https://tamu.libguides.com/research-data-management/workshops"
"Texas A&M University","Data_management_plans","Consult","https://library.tamu.edu/services/scholarly_communication/Data_Management/planning.html"
"Texas A&M University","Data_management_plans","Instruction","http://tamu.libguides.com/research-data-management/workshops; https://tamu.libguides.com/research-data-management/workshops"
"Texas A&M University","Data_management_plans","Web","https://tamu.libguides.com/research-data-management/dmps"
"Texas A&M University","Data_management","Web","https://tamu.libguides.com/research-data-management/overview"
"Texas A&M University","Data_repository",NA,"http://tamu.libguides.com/research-data-management/repositories; https://tamu.libguides.com/research-data-management/repositories"
"Texas A&M University","DMPTool",NA,"https://tamu.libguides.com/research-data-management/dmps"
"Texas A&M University","Geospatial_software","Instruction","http://tamu.libguides.com/gis/tutorials"
"University of Arizona","Aerial_imagery",NA,"https://libguides.library.arizona.edu/GIS/ImageryandLidar"
"University of Arizona","Data_analysis","Consult","https://new.library.arizona.edu/research/support/data"
"University of Arizona","Data_management","Consult","https://data.library.arizona.edu/; https://data.library.arizona.edu/our-services"
"University of Arizona","Data_management_plans","Consult","https://data.library.arizona.edu/our-services"
"University of Arizona","Data_management_plans","Web","https://data.library.arizona.edu/data-management-plans"
"University of Arizona","Data_management","Web","https://data.library.arizona.edu/best-practices"
"University of Arizona","Data_repository",NA,"https://data.library.arizona.edu/services/ua-research-data-repository"
"University of Arizona","DMPTool",NA,"https://data.library.arizona.edu/data-management-plans/dmptool"
"University of Arizona","Geospatial","Consult","https://libguides.library.arizona.edu/GIS/Help"
"University of Arizona","Geospatial","Instruction","https://libguides.library.arizona.edu/GIS/tutorials"
"University of Arizona","Geospatial_software","Consult","https://libguides.library.arizona.edu/GIS/Help"
"University of Arizona","Geospatial_software","Instruction","https://libguides.library.arizona.edu/GIS/tutorials"
"University of Arizona","Geospatial_software","Web","https://libguides.library.arizona.edu/GIS/software"
"University of Arizona","OSF",NA,"https://data.library.arizona.edu/best-practices/open-science-framework-osf"
"University of Arizona","Reproducible_research",NA,"https://data.library.arizona.edu/best-practices/data-publishing-reproducibility"
"University of Arizona","Text_data_mining",NA,"https://libguides.library.arizona.edu/text-mining"
"University of California, Berkeley","Aerial_imagery",NA,"https://guides.lib.berkeley.edu/c.php?g=130718&p=3874462"
"University of California, Berkeley","Data_management","Consult","https://guides.lib.berkeley.edu/researchdata; https://researchdata.berkeley.edu/services"
"University of California, Berkeley","Data_management_plans","Consult","https://guides.lib.berkeley.edu/researchdata; https://researchdata.berkeley.edu/services/data-management-plans"
"University of California, Berkeley","Data_management","Web","https://guides.lib.berkeley.edu/researchdata; https://researchdata.berkeley.edu/services"
"University of California, Berkeley","Data_visualization_software","Web","https://guides.lib.berkeley.edu/data-visualization/about"
"University of California, Berkeley","DMPTool",NA,"https://researchdata.berkeley.edu/services/data-management-plans"
"University of California, Berkeley","Geospatial","Consult","https://guides.lib.berkeley.edu/gis/remote"
"University of California, Berkeley","Geospatial","Instruction","https://guides.lib.berkeley.edu/gis/remote"
"University of California, Berkeley","Geospatial_software","Instruction","https://guides.lib.berkeley.edu/gis/training"
"University of California, Berkeley","Geospatial_software","Web","https://guides.lib.berkeley.edu/gis/tools"
"University of California, Berkeley","Reproducible_research",NA,"https://guides.lib.berkeley.edu/reproducibility-guide"
"University of California, Berkeley","Text_data_mining",NA,"https://guides.lib.berkeley.edu/text-mining"
"University of California, Davis","Aerial_imagery",NA,"https://www.library.ucdavis.edu/guide/ucd-aerial-photo-holdings-county/"
"University of California, Davis","Data_analysis","Consult","https://www.library.ucdavis.edu/service/digital-scholarship/"
"University of California, Davis","Data_management","Instruction","https://www.library.ucdavis.edu/service/data-management/data-management-program-workshops-events/"
"University of California, Davis","Data_management_plans","Instruction","https://www.library.ucdavis.edu/service/data-management/data-management-program-workshops-events/"
"University of California, Davis","Data_management","Web","https://www.library.ucdavis.edu/service/research-data-services/"
"University of California, Davis","Data_visualization_software","Consult","https://www.library.ucdavis.edu/service/digital-scholarship/"
"University of California, Davis","Data_visualization_software","Instruction","https://www.library.ucdavis.edu/service/data-management/data-management-program-workshops-events/"
"University of California, Davis","DMPTool",NA,"https://www.library.ucdavis.edu/service/data-management/plan-2/"
"University of California, Davis","Geospatial","Instruction","https://www.library.ucdavis.edu/service/data-management/data-management-program-workshops-events/"
"University of California, Davis","Geospatial_software","Consult","https://www.library.ucdavis.edu/guide/mapping-and-gis/#gis-resources-on-campus-1"
"University of California, Davis","Geospatial_software","Instruction","https://www.library.ucdavis.edu/service/data-management/data-management-program-workshops-events/"
"University of California, Davis","Reproducible_research",NA,"https://www.library.ucdavis.edu/service/data-management/stride/"
"University of California, Davis","Text_data_mining",NA,"https://www.library.ucdavis.edu/service/digital-scholarship/"
"University of California, Los Angeles","Aerial_imagery",NA,"https://guides.library.ucla.edu/maps/aerial-photos"
"University of California, Los Angeles","Data_management_plans","Consult","https://www.library.ucla.edu/support/research-help/research-data-services"
"University of California, Los Angeles","Data_management_plans","Web","https://guides.library.ucla.edu/c.php?g=180539&p=1189314"
"University of California, Los Angeles","Data_management","Web","https://guides.library.ucla.edu/data-management-sciences"
"University of California, Los Angeles","Data_repository",NA,"https://www.library.ucla.edu/location/data-science-center/data-archive-collections"
"University of California, Los Angeles","Data_visualization_software","Consult","https://www.library.ucla.edu/datasquad"
"University of California, Los Angeles","Data_visualization_software","Instruction","https://www.library.ucla.edu/events/intro-tableau-public; https://www.library.ucla.edu/support/research-help/research-data-services"
"University of California, Los Angeles","DMPTool",NA,"https://guides.library.ucla.edu/c.php?g=180539&p=1189314"
"University of California, Los Angeles","Geospatial","Consult","https://calendly.com/data-science-team; https://www.library.ucla.edu/get-help"
"University of California, Los Angeles","Geospatial_software","Consult","https://calendly.com/data-science-team"
"University of California, Los Angeles","Statistical_consulting",NA,"https://calendly.com/data-science-team"
"University of California, Los Angeles","Text_data_mining",NA,"https://guides.library.ucla.edu/text"
"University of California, Los Angeles","Version_control",NA,"https://www.library.ucla.edu/datasquad"
"University of California, Los Angeles","Web_scraping",NA,"https://www.library.ucla.edu/datasquad; https://www.library.ucla.edu/support/research-help/research-data-services"
"University of Colorado, Boulder","Aerial_imagery",NA,"https://libguides.colorado.edu/strategies/maps"
"University of Colorado, Boulder","Data_analysis","Consult","https://calendar.colorado.edu/event/interdisciplinary_data_consult_hours_5549?utm_campaign=widget&utm_medium=widget&utm_source=University+of+Colorado+Boulder"
"University of Colorado, Boulder","Data_management","Consult","https://www.colorado.edu/libraries/research-assistance/data-services"
"University of Colorado, Boulder","Data_management_plans","Consult","https://www.colorado.edu/libraries/research-assistance/data-services"
"University of Colorado, Boulder","Data_visualization_software","Consult","https://calendar.colorado.edu/event/interdisciplinary_data_consult_hours_5549?utm_campaign=widget&utm_medium=widget&utm_source=University+of+Colorado+Boulder"
"University of Colorado, Boulder","Data_visualization_software","Instruction","https://osf.io/36mj4/"
"University of Colorado, Boulder","Data_visualization_software","Web","https://www.colorado.edu/crdds/learning-materials"
"University of Colorado, Boulder","Geospatial","Consult","https://www.colorado.edu/libraries/research/consultation"
"University of Colorado, Boulder","Geospatial","Web","https://geo.colorado.edu/"
"University of Florida","Aerial_imagery",NA,"https://cms.uflib.ufl.edu/maps/collections"
"University of Florida","Data_management","Consult","http://arcs.uflib.ufl.edu/consultations/"
"University of Florida","Data_management_plans","Instruction","https://guides.uflib.ufl.edu/datamanagement/dmp; https://guides.uflib.ufl.edu/datamanagement/home"
"University of Florida","Data_management","Web","https://guides.uflib.ufl.edu/datamanagement/home"
"University of Florida","Data_visualization_software","Consult","http://arcs.uflib.ufl.edu/services/visualization/"
"University of Florida","DMPTool",NA,"https://guides.uflib.ufl.edu/datamanagement/dmp"
"University of Florida","Geospatial","Consult","https://guides.uflib.ufl.edu/c.php?g=147404&p=966619"
"University of Florida","Geospatial_software","Consult","http://arcs.uflib.ufl.edu/services/geospatialanalysis/"
"University of Florida","Reproducible_research",NA,"https://guides.uflib.ufl.edu/reproducibility"
"University of Florida","Statistical_consulting",NA,"http://arcs.uflib.ufl.edu/services/datascience/"
"University of Illinois at Urbana-Champaign","Aerial_imagery",NA,"https://www.library.illinois.edu/max/collections/aerial_photographs/"
"University of Illinois at Urbana-Champaign","Data_management","Instruction","https://www.library.illinois.edu/rds/workshops/"
"University of Illinois at Urbana-Champaign","Data_management_plans","Web","https://www.library.illinois.edu/rds/plan/"
"University of Illinois at Urbana-Champaign","Data_management","Web","http://guides.library.illinois.edu/introdata"
"University of Illinois at Urbana-Champaign","Data_repository",NA,"https://www.library.illinois.edu/scp/repositories/"
"University of Illinois at Urbana-Champaign","DMPTool",NA,"https://www.library.illinois.edu/rds/plan/"
"University of Illinois at Urbana-Champaign","Geospatial","Consult","https://www.library.illinois.edu/sc/gis/consult/"
"University of Illinois at Urbana-Champaign","Geospatial","Instruction","https://guides.library.illinois.edu/GIS/Workshops"
"University of Illinois at Urbana-Champaign","Geospatial_software","Consult","https://www.library.illinois.edu/sc/gis/consult/"
"University of Illinois at Urbana-Champaign","Geospatial_software","Instruction","https://guides.library.illinois.edu/GIS/Workshops"
"University of Illinois at Urbana-Champaign","Reproducible_research",NA,"https://guides.library.illinois.edu/c.php?g=706469&p=6591153"
"University of Illinois at Urbana-Champaign","Text_data_mining",NA,"https://guides.library.illinois.edu/textmining"
"University of Illinois at Urbana-Champaign","Version_control",NA,"https://guides.library.illinois.edu/c.php?g=736070"
"University of Iowa","Aerial_imagery",NA,"https://www.lib.uiowa.edu/maps/aerial/"
"University of Iowa","Data_analysis","Instruction","https://www.lib.uiowa.edu/news-and-events/event/?id=53141"
"University of Iowa","Data_management","Consult","https://www.lib.uiowa.edu/data/contact/"
"University of Iowa","Data_management_plans","Consult","https://www.lib.uiowa.edu/data/plan/"
"University of Iowa","Data_management_plans","Web","https://www.lib.uiowa.edu/data/plan/"
"University of Iowa","Data_management","Web","https://www.lib.uiowa.edu/data/manage/"
"University of Iowa","Geospatial_software","Web","https://guides.lib.uiowa.edu/c.php?g=132116&p=2713587"
"University of Maryland, College Park","Carpentries",NA,"https://www.lib.umd.edu/rc/data-science"
"University of Maryland, College Park","Data_analysis","Consult","https://www.lib.umd.edu/rc/data-science"
"University of Maryland, College Park","Data_analysis","Instruction","https://www.lib.umd.edu/rc/data-science"
"University of Maryland, College Park","Data_visualization_software","Instruction","https://www.lib.umd.edu/rc/data-science"
"University of Maryland, College Park","Geospatial","Consult","https://www.lib.umd.edu/gis"
"University of Maryland, College Park","Geospatial","Instruction","https://www.lib.umd.edu/gis/learning"
"University of Maryland, College Park","Geospatial_software","Consult","https://www.lib.umd.edu/gis"
"University of Maryland, College Park","Geospatial_software","Instruction","https://www.lib.umd.edu/gis/workshops"
"University of Maryland, College Park","Geospatial","Web","https://www.lib.umd.edu/gis/data-and-resources"
"University of Maryland, College Park","Statistical_consulting",NA,"https://www.lib.umd.edu/rc/statistical-consulting"
"University of Minnesota, Twin Cities","Aerial_imagery",NA,"https://www.lib.umn.edu/borchert/aerial-photography-and-remote-sensed-imagery"
"University of Minnesota, Twin Cities","Data_management","Consult","https://www.lib.umn.edu/datamanagement/workshops"
"University of Minnesota, Twin Cities","Data_management","Instruction","https://www.lib.umn.edu/datamanagement/workshops"
"University of Minnesota, Twin Cities","Data_management_plans","Consult","https://www.lib.umn.edu/datamanagement/DMP"
"University of Minnesota, Twin Cities","Data_management_plans","Web","https://www.lib.umn.edu/datamanagement/dmp"
"University of Minnesota, Twin Cities","Data_management","Web","https://www.lib.umn.edu/datamanagement/best-practices-templates"
"University of Minnesota, Twin Cities","Data_repository",NA,"https://conservancy.umn.edu/handle/11299/166578"
"University of Minnesota, Twin Cities","Data_visualization_software","Web","https://libguides.umn.edu/c.php?g=921727&p=6642925"
"University of Minnesota, Twin Cities","DMPTool",NA,"https://www.lib.umn.edu/datamanagement/dmp; https://www.lib.umn.edu/datamanagement/DMP"
"University of Minnesota, Twin Cities","Geospatial","Web","https://www.lib.umn.edu/borchert/geodata"
"University of Minnesota, Twin Cities","Reproducible_research",NA,"https://www.lib.umn.edu/researchsupport/reproducibility"
"University of Minnesota, Twin Cities","Version_control",NA,"https://www.continuum.umn.edu/event/programming-pizza-5/"
"University of North Carolina at Chapel Hill","Aerial_imagery",NA,"https://library.unc.edu/data/gis-usda/"
"University of North Carolina at Chapel Hill","Data_analysis","Consult","https://guides.lib.unc.edu/mattjansen"
"University of North Carolina at Chapel Hill","Data_analysis","Instruction","https://guides.lib.unc.edu/mattjansen"
"University of North Carolina at Chapel Hill","Data_management_plans","Web","https://guides.lib.unc.edu/researchdatatoolkit/home"
"University of North Carolina at Chapel Hill","Data_management","Web","https://guides.lib.unc.edu/researchdatatoolkit/home"
"University of North Carolina at Chapel Hill","Data_repository",NA,"https://guides.lib.unc.edu/metadata/repositories"
"University of North Carolina at Chapel Hill","Data_visualization_software","Consult","https://guides.lib.unc.edu/lorinbruckner"
"University of North Carolina at Chapel Hill","Data_visualization_software","Instruction","https://guides.lib.unc.edu/lorinbruckner"
"University of North Carolina at Chapel Hill","Data_visualization_software","Web","http://learndataviz.web.unc.edu/; https://guides.lib.unc.edu/DataViz/basics"
"University of North Carolina at Chapel Hill","DMPTool",NA,"https://guides.lib.unc.edu/researchdatatoolkit/tools"
"University of North Carolina at Chapel Hill","Geospatial_software","Web","https://guides.lib.unc.edu/software/data-vis"
"University of North Carolina at Chapel Hill","Statistical_consulting",NA,"https://library.unc.edu/hub/services/statistical-consulting/"
"University of North Carolina at Chapel Hill","Version_control",NA,"https://guides.lib.unc.edu/intro-git-workshop"
"University of Oregon","Aerial_imagery",NA,"https://library.uoregon.edu/aerial-photography-collection"
"University of Oregon","Data_analysis","Consult","https://library.uoregon.edu/research-data-management/consultations"
"University of Oregon","Data_management","Consult","https://library.uoregon.edu/data-services/contact"
"University of Oregon","Data_management_plans","Instruction","https://researchguides.uoregon.edu/library_workshops/DMPtool"
"University of Oregon","Data_management_plans","Web","https://researchguides.uoregon.edu/data-management"
"University of Oregon","Data_management","Web","https://researchguides.uoregon.edu/data-management/services"
"University of Oregon","Data_repository",NA,"https://researchguides.uoregon.edu/scholarsbank/faculty-publishing-data"
"University of Oregon","Data_visualization_software","Instruction","https://researchguides.uoregon.edu/library_workshops/r"
"University of Oregon","Geospatial","Web","https://library.uoregon.edu/map/gis_data/data_in_commons"
"University of Oregon","Statistical_consulting",NA,"https://library.uoregon.edu/research-data-management/consultations"
"University of Oregon","Version_control",NA,"http://researchguides.uoregon.edu/library_workshops/version_control; https://researchguides.uoregon.edu/library_workshops/version_control"
"University of Southern California","Data_management_plans","Instruction","https://libguides.usc.edu/CER_RDM"
"University of Southern California","Data_visualization_software","Instruction","https://libraries.usc.edu/events/usc-libraries-data-and-visualization-workshops-0"
"University of Southern California","Reproducible_research",NA,"https://libguides.usc.edu/CER_RDM"
"University of Southern California","Text_data_mining",NA,"https://libguides.usc.edu/contentmining"
"University of Texas at Austin","Carpentries",NA,"https://www.lib.utexas.edu/events/285"
"University of Texas at Austin","Data_management","Consult","https://www.lib.utexas.edu/research-help-support/research-data-services"
"University of Texas at Austin","Data_management","Instruction","https://guides.lib.utexas.edu/data-and-donuts/managing-research-data"
"University of Texas at Austin","Data_management_plans","Consult","https://www.lib.utexas.edu/research-help-support/research-data-services"
"University of Texas at Austin","Data_visualization_software","Instruction","https://www.lib.utexas.edu/events/312"
"University of Texas at Austin","DMPTool",NA,"https://guides.lib.utexas.edu/c.php?g=1020955&p=7395489; https://www.lib.utexas.edu/research-help-support/research-data-services"
"University of Texas at Austin","Geospatial","Consult","https://www.lib.utexas.edu/research-help-support/gis-geospatial-data-services"
"University of Texas at Austin","Geospatial","Instruction","https://guides.lib.utexas.edu/gis/past-event-info-and-downloads"
"University of Texas at Austin","Geospatial_software","Consult","https://www.lib.utexas.edu/research-help-support/gis-geospatial-data-services"
"University of Texas at Austin","Geospatial_software","Instruction","https://guides.lib.utexas.edu/gis/past-event-info-and-downloads"
"University of Texas at Austin","Geospatial_software","Web","https://guides.lib.utexas.edu/gis"
"University of Texas at Austin","Web_scraping",NA,"https://www.lib.utexas.edu/events/238"
"University of Utah","Aerial_imagery",NA,"https://campusguides.lib.utah.edu/c.php?g=160828&p=1054034"
"University of Utah","Data_management","Consult","https://campusguides.lib.utah.edu/c.php?g=246386&p=2090992; https://lib.utah.edu/services/data-management/consultations.php"
"University of Utah","Data_management","Instruction","https://lib.utah.edu/services/data-management/education-training.php"
"University of Utah","Data_management_plans","Consult","https://campusguides.lib.utah.edu/c.php?g=246386&p=2090997; https://lib.utah.edu/services/data-management/plans.php"
"University of Utah","Data_management_plans","Web","http://campusguides.lib.utah.edu/c.php?g=160412&p=1051780"
"University of Utah","Data_management","Web","http://campusguides.lib.utah.edu/researchdata"
"University of Utah","Data_visualization_software","Web","https://campusguides.lib.utah.edu/c.php?g=893558&p=6444106"
"University of Utah","DMPTool",NA,"http://campusguides.lib.utah.edu/c.php?g=160412&p=1051780"
"University of Utah","Electronic_lab_notebooks",NA,"http://campusguides.lib.utah.edu/ELNs; https://campusguides.lib.utah.edu/ELNs"
"University of Utah","Geospatial","Consult","https://lib.utah.edu/services/geospatial/services.php"
"University of Utah","Geospatial_software","Consult","https://lib.utah.edu/services/geospatial/training-materials.php"
"University of Utah","Geospatial_software","Instruction","https://lib.utah.edu/services/geospatial/training-materials.php"
"University of Utah","Geospatial_software","Web","https://campusguides.lib.utah.edu/c.php?g=160702&p=1052576; https://lib.utah.edu/services/geospatial/training-materials.php"
"University of Utah","Reproducible_research",NA,"https://campusguides.lib.utah.edu/reproducibility"
"University of Utah","Statistical_consulting",NA,"https://lib.utah.edu/services/stats-ta.php"
"University of Utah","Version_control",NA,"https://campusguides.lib.utah.edu/reproducibility/toolkit"
"University of Washington","Aerial_imagery",NA,"https://guides.lib.uw.edu/research/gis/imagery_available; https://guides.lib.uw.edu/research/maps/aerial_photography"
"University of Washington","Data_management","Consult","https://www.lib.washington.edu/digitalscholarship/services/data"
"University of Washington","Data_management","Instruction","https://www.lib.washington.edu/digitalscholarship/hacking-the-academy-programming-series"
"University of Washington","Data_management_plans","Consult","https://guides.lib.uw.edu/research/dmg/dmp"
"University of Washington","Data_management_plans","Instruction","https://www.lib.washington.edu/digitalscholarship/hacking-the-academy-programming-series"
"University of Washington","Data_management","Web","https://guides.lib.uw.edu/friendly.php?s=research/dmg; https://guides.lib.uw.edu/research/dmg"
"University of Washington","DMPTool",NA,"https://guides.lib.uw.edu/research/dmg/home"
"University of Washington","Geospatial","Consult","https://guides.lib.uw.edu/research/gis/home; https://guides.lib.uw.edu/research/gis/resources"
"University of Washington","Geospatial_software","Consult","https://guides.lib.uw.edu/research/gis/resources"
"University of Washington","OSF",NA,"https://guides.lib.uw.edu/research/osf"
"University of Washington","Reproducible_research",NA,"https://guides.lib.uw.edu/research/reproducibility"
"University of Washington","Text_data_mining",NA,"https://guides.lib.uw.edu/research/dstools/tdm"
"University of Wisconsin, Madison","Aerial_imagery",NA,"https://geography.wisc.edu/maplibrary/aerial-photography/"
"University of Wisconsin, Madison","Carpentries",NA,"https://ebling.library.wisc.edu/2020/05/14/data-carpentry-on-zoom/"
"University of Wisconsin, Madison","Data_analysis","Instruction","https://researchguides.library.wisc.edu/R/why"
"University of Wisconsin, Madison","Data_management_plans","Consult","https://researchdata.wisc.edu/our-services/"
"University of Wisconsin, Madison","Data_management_plans","Web","https://researchdata.wisc.edu/dmp-introduction/"
"University of Wisconsin, Madison","Data_management","Web","https://lo.library.wisc.edu/research_data_mgmt/"
"University of Wisconsin, Madison","Data_repository",NA,"https://www.library.wisc.edu/digital-library-services/minds/"
"University of Wisconsin, Madison","Data_visualization_software","Instruction","https://researchguides.library.wisc.edu/R/why"
"University of Wisconsin, Madison","DMPTool",NA,"https://researchdata.wisc.edu/dmp-use-dmptool-to-write-your-dmp/"
"University of Wisconsin, Madison","Electronic_lab_notebooks",NA,"https://eln.wisc.edu/"
"University of Wisconsin, Madison","Geospatial","Consult","https://researchguides.library.wisc.edu/c.php?g=178144&p=1170191"
"University of Wisconsin, Madison","Geospatial","Instruction","https://researchguides.library.wisc.edu/c.php?g=178144&p=1170191"
"University of Wisconsin, Madison","Geospatial_software","Consult","https://researchguides.library.wisc.edu/c.php?g=178144&p=1170191"
"Washington State University","Data_management","Consult","https://libguides.libraries.wsu.edu/rdmlibguide/training"
"Washington State University","Data_management_plans","Consult","https://libguides.libraries.wsu.edu/datamanagement/introduction"
"Washington State University","Data_management_plans","Web","https://libguides.libraries.wsu.edu/datamanagement/datasharing"
"Washington State University","Data_management","Web","https://libguides.libraries.wsu.edu/rdmlibguide"
"Washington State University","Data_repository",NA,"https://libguides.libraries.wsu.edu/datamanagement/datastorage"
"Stanford University","Data_analysis","Web","https://library.stanford.edu/research/cidr/workshops"
"Stanford University","Data_management","Instruction","https://library.stanford.edu/research/data-management-services/events"
"Stanford University","Data_repository",NA,"https://library.stanford.edu/research/stanford-digital-repository"
"Stanford University","Data_visualization_software","Consult",NA
"Stanford University","Data_visualization_software","Web",NA
"Stanford University","Geospatial_software","Consult","https://library.stanford.edu/research/stanford-geospatial-center/services"
"Stanford University","Geospatial","Web","https://library.stanford.edu/research/stanford-geospatial-center"
"Stanford University","OSF",NA,"https://library.stanford.edu/research/data-management-services/data-best-practices/helpful-tools"
"Stanford University","Reproducible_research",NA,NA
"Stanford University","Text_data_mining",NA,"https://library.stanford.edu/events/text-analysis-python-digital-tools-and-methods-humanities-and-social-sciences"
"Texas A&M University","Data_analysis","Instruction",NA
"Texas A&M University","Data_analysis","Web",NA
"Texas A&M University","Data_management","Consult","https://askus.library.tamu.edu/rdms"
"Texas A&M University","Data_visualization_software","Consult",NA
"Texas A&M University","Data_visualization_software","Instruction",NA
"Texas A&M University","Data_visualization_software","Web",NA
"Texas A&M University","Electronic_lab_notebooks",NA,NA
"Texas A&M University","Geospatial","Consult",NA
"Texas A&M University","Geospatial","Instruction",NA
"Texas A&M University","Geospatial_software","Consult",NA
"Texas A&M University","Geospatial_software","Web",NA
"Texas A&M University","Geospatial","Web",NA
"Texas A&M University","OSF",NA,"https://tamu.libcal.com/event/7347739"
"Texas A&M University","Reproducible_research",NA,"https://tamu.libguides.com/research-data-management/FAIR"
"Texas A&M University","Statistical_consulting",NA,NA
"Texas A&M University","Text_data_mining",NA,NA
"Texas A&M University","Version_control",NA,NA
"Texas A&M University","Web_scraping",NA,NA
"University of Illinois at Urbana-Champaign","Data_management","Consult","https://www.library.illinois.edu/rds/"
"University of Illinois at Urbana-Champaign","Data_management_plans","Consult","https://www.library.illinois.edu/rds/"
"University of Illinois at Urbana-Champaign","Data_management_plans","Instruction",NA
"University of Illinois at Urbana-Champaign","Data_visualization_software","Consult","https://www.library.illinois.edu/sc/about_us/resources_experts/"
"University of Illinois at Urbana-Champaign","Data_visualization_software","Instruction",NA
"University of Illinois at Urbana-Champaign","Data_visualization_software","Web","https://www.library.illinois.edu/sc/services/data-visualization/"
"University of Illinois at Urbana-Champaign","Electronic_lab_notebooks",NA,NA
"University of Illinois at Urbana-Champaign","Geospatial_software","Web",NA
"University of Illinois at Urbana-Champaign","Geospatial","Web","https://guides.library.illinois.edu/GIS"
"University of Illinois at Urbana-Champaign","OSF",NA,"https://guides.library.illinois.edu/istclibraryguide/ideals"
"University of Illinois at Urbana-Champaign","Statistical_consulting",NA,"https://www.library.illinois.edu/sc/statistical-consulting/"
"University of Illinois at Urbana-Champaign","Web_scraping",NA,NA
"University of North Carolina at Chapel Hill","Data_analysis","Web",NA
"University of North Carolina at Chapel Hill","Data_management","Consult","https://guides.lib.unc.edu/michelehayslett"
"University of North Carolina at Chapel Hill","Data_management","Instruction","https://guides.lib.unc.edu/researchdatatoolkit"
"University of North Carolina at Chapel Hill","Data_management_plans","Consult","https://calendar.lib.unc.edu/appointments/technology?g=6682"
"University of North Carolina at Chapel Hill","Data_management_plans","Instruction",NA
"University of North Carolina at Chapel Hill","Electronic_lab_notebooks",NA,NA
"University of North Carolina at Chapel Hill","Geospatial","Consult","https://library.unc.edu/data/gis-assistance/"
"University of North Carolina at Chapel Hill","Geospatial","Instruction","https://guides.lib.unc.edu/c.php?g=9007&p=45215"
"University of North Carolina at Chapel Hill","Geospatial_software","Consult","https://guides.lib.unc.edu/c.php?g=9007&p=45214"
"University of North Carolina at Chapel Hill","Geospatial_software","Instruction","https://guides.lib.unc.edu/c.php?g=9007&p=45216"
"University of North Carolina at Chapel Hill","Geospatial","Web","https://guides.lib.unc.edu/spatialdata"
"University of North Carolina at Chapel Hill","OSF",NA,"https://osf.io/institutions/unc/"
"University of North Carolina at Chapel Hill","Reproducible_research",NA,"https://dataverse.unc.edu/"
"University of North Carolina at Chapel Hill","Text_data_mining",NA,NA
"University of North Carolina at Chapel Hill","Web_scraping",NA,NA
"University of Utah","Data_analysis","Instruction","https://campusguides.lib.utah.edu/c.php?g=1029638&p=7462997"
"University of Utah","Data_analysis","Web",NA
"University of Utah","Data_management_plans","Instruction","https://campusguides.lib.utah.edu/researchdata"
"University of Utah","Data_repository",NA,"https://campusguides.lib.utah.edu/c.php?g=160788&p=1051585"
"University of Utah","Data_visualization_software","Consult",NA
"University of Utah","Data_visualization_software","Instruction",NA
"University of Utah","Geospatial","Instruction","https://lib.utah.edu/services/geospatial/training-materials.php"
"University of Utah","Geospatial","Web",NA
"University of Utah","OSF",NA,"https://osf.io/gd8h9/wiki/home/"
"University of Utah","Text_data_mining",NA,NA
"University of Utah","Web_scraping",NA,NA
"University of Arizona","Data_analysis","Instruction",NA
"University of Arizona","Data_analysis","Web",NA
"University of Arizona","Data_management","Instruction","https://data.library.arizona.edu/data-management/events-schedule-current"
"University of Arizona","Data_management_plans","Instruction","https://data.library.arizona.edu/data-management/events-schedule-current"
"University of Arizona","Data_visualization_software","Consult","https://data.library.arizona.edu/data-science/r-programming"
"University of Arizona","Data_visualization_software","Instruction",NA
"University of Arizona","Data_visualization_software","Web","https://data.library.arizona.edu/data-science/data-visualization"
"University of Arizona","Electronic_lab_notebooks",NA,NA
"University of Arizona","Geospatial","Web","https://libguides.library.arizona.edu/GIS"
"University of Arizona","Statistical_consulting",NA,NA
"University of Arizona","Version_control",NA,NA
"University of Arizona","Web_scraping",NA,NA
"University of California, Berkeley","Data_analysis","Instruction","https://guides.lib.berkeley.edu/data-analysis"
"University of California, Berkeley","Data_analysis","Web",NA
"University of California, Berkeley","Data_management","Instruction",NA
"University of California, Berkeley","Data_management_plans","Instruction","https://researchdata.berkeley.edu/training"
"University of California, Berkeley","Data_management_plans","Web","https://guides.lib.berkeley.edu/c.php?g=862102&p=6178956"
"University of California, Berkeley","Data_repository",NA,"https://www.lib.berkeley.edu/scholarly-communication/publishing/your-data"
"University of California, Berkeley","Data_visualization_software","Consult","https://guides.lib.berkeley.edu/c.php?g=1069243&p=7782608"
"University of California, Berkeley","Data_visualization_software","Instruction","https://guides.lib.berkeley.edu/data-analysis"
"University of California, Berkeley","Electronic_lab_notebooks",NA,"https://guides.lib.berkeley.edu/ERN"
"University of California, Berkeley","Geospatial_software","Consult","https://guides.lib.berkeley.edu/gis/help"
"University of California, Berkeley","Geospatial","Web","https://guides.lib.berkeley.edu/gis"
"University of California, Berkeley","OSF",NA,"https://researchdata.berkeley.edu/tools/open-science-framework"
"University of California, Berkeley","Statistical_consulting",NA,NA
"University of California, Berkeley","Version_control",NA,NA
"University of California, Berkeley","Web_scraping",NA,"https://guides.lib.berkeley.edu/text-mining"
"University of Iowa","Data_analysis","Web",NA
"University of Iowa","Data_management","Instruction","https://www.lib.uiowa.edu/data/workshop/"
"University of Iowa","Data_management_plans","Instruction","https://www.lib.uiowa.edu/data/workshop/"
"University of Iowa","Data_repository",NA,NA
"University of Iowa","Data_visualization_software","Consult",NA
"University of Iowa","Data_visualization_software","Instruction",NA
"University of Iowa","Data_visualization_software","Web",NA
"University of Iowa","DMPTool",NA,"https://www.lib.uiowa.edu/data/plan/tools/"
"University of Iowa","Electronic_lab_notebooks",NA,NA
"University of Iowa","Geospatial","Consult",NA
"University of Iowa","Geospatial","Instruction","https://guides.lib.uiowa.edu/c.php?g=132116&p=2316517"
"University of Iowa","Geospatial_software","Consult",NA
"University of Iowa","Geospatial_software","Instruction","https://guides.lib.uiowa.edu/c.php?g=132116&p=2316517"
"University of Iowa","Geospatial","Web","https://guides.lib.uiowa.edu/c.php?g=132116&p=862462"
"University of Iowa","OSF",NA,NA
"University of Iowa","Reproducible_research",NA,NA
"University of Iowa","Statistical_consulting",NA,NA
"University of Iowa","Text_data_mining",NA,NA
"University of Iowa","Version_control",NA,NA
"University of Iowa","Web_scraping",NA,NA
"University of Oregon","Data_analysis","Instruction","https://library.uoregon.edu/research-data-management/training-workshops"
"University of Oregon","Data_analysis","Web",NA
"University of Oregon","Data_management","Instruction",NA
"University of Oregon","Data_management_plans","Consult","https://library.uoregon.edu/research-data-management/consultations"
"University of Oregon","Data_visualization_software","Consult",NA
"University of Oregon","Data_visualization_software","Web","https://researchguides.uoregon.edu/library_workshops/tidyverse"
"University of Oregon","DMPTool",NA,"https://researchguides.uoregon.edu/dmp-tool"
"University of Oregon","Electronic_lab_notebooks",NA,NA
"University of Oregon","Geospatial","Consult",NA
"University of Oregon","Geospatial","Instruction",NA
"University of Oregon","Geospatial_software","Consult",NA
"University of Oregon","Geospatial_software","Instruction",NA
"University of Oregon","Geospatial_software","Web","https://researchguides.uoregon.edu/gis/uo-resources"
"University of Oregon","OSF",NA,NA
"University of Oregon","Reproducible_research",NA,"https://library.uoregon.edu/research-data-management/training-workshops"
"University of Oregon","Text_data_mining",NA,NA
"University of Oregon","Web_scraping",NA,NA
"University of Washington","Data_analysis","Web",NA
"University of Washington","Data_management_plans","Web",NA
"University of Washington","Data_repository",NA,NA
"University of Washington","Data_visualization_software","Consult","https://guides.lib.uw.edu/datavisualization/home"
"University of Washington","Data_visualization_software","Instruction",NA
"University of Washington","Data_visualization_software","Web",NA
"University of Washington","Electronic_lab_notebooks",NA,"https://guides.lib.uw.edu/research/ELN"
"University of Washington","Geospatial","Instruction",NA
"University of Washington","Geospatial_software","Instruction",NA
"University of Washington","Geospatial_software","Web",NA
"University of Washington","Geospatial","Web","https://guides.lib.uw.edu/research/gis"
"University of Washington","Statistical_consulting",NA,NA
"University of Washington","Version_control",NA,"https://guides.lib.uw.edu/research/reproducibility/robust-coding"
"University of Washington","Web_scraping",NA,NA
"University of Colorado, Boulder","Data_analysis","Instruction","https://calendar.colorado.edu/event/r_workshop_series_-_statistical_analysis_in_r_288?utm_campaign=widget&utm_medium=widget&utm_source=University+of+Colorado+Boulder#.YD1ZMv5lCV4"
"University of Colorado, Boulder","Data_analysis","Web",NA
"University of Colorado, Boulder","Data_management","Instruction","https://www.colorado.edu/crdds/what-we-do/research-data-management"
"University of Colorado, Boulder","Data_management_plans","Instruction",NA
"University of Colorado, Boulder","Data_management_plans","Web",NA
"University of Colorado, Boulder","Data_management","Web",NA
"University of Colorado, Boulder","Data_repository",NA,"https://scholar.colorado.edu/about"
"University of Colorado, Boulder","DMPTool",NA,"https://www.colorado.edu/crdds/what-we-do/research-data-management"
"University of Colorado, Boulder","Electronic_lab_notebooks",NA,NA
"University of Colorado, Boulder","Geospatial","Instruction","https://calendar.colorado.edu/event/make_a_web_map_with_r?utm_campaign=widget&utm_medium=widget&utm_source=University+of+Colorado+Boulder#.YD1cFP5lCV4"
"University of Colorado, Boulder","Geospatial_software","Consult",NA
"University of Colorado, Boulder","Geospatial_software","Instruction",NA
"University of Colorado, Boulder","Geospatial_software","Web",NA
"University of Colorado, Boulder","OSF",NA,"https://www.colorado.edu/crdds/what-we-do/research-data-management"
"University of Colorado, Boulder","Reproducible_research",NA,NA
"University of Colorado, Boulder","Statistical_consulting",NA,NA
"University of Colorado, Boulder","Text_data_mining",NA,"https://cu-boulder-crdds.github.io/LearningMaterials/PythonText.html"
"University of Colorado, Boulder","Version_control",NA,NA
"University of Colorado, Boulder","Web_scraping",NA,NA
"University of Florida","Data_analysis","Web",NA
"University of Florida","Data_management","Instruction",NA
"University of Florida","Data_management_plans","Consult","https://datamgmt.uflib.ufl.edu/"
"University of Florida","Data_management_plans","Web","https://guides.uflib.ufl.edu/datamanagement/dmp"
"University of Florida","Data_repository",NA,"https://ufdc.ufl.edu/ufirg"
"University of Florida","Data_visualization_software","Web",NA
"University of Florida","Electronic_lab_notebooks",NA,NA
"University of Florida","Geospatial","Instruction",NA
"University of Florida","Geospatial_software","Instruction",NA
"University of Florida","Geospatial_software","Web",NA
"University of Florida","Geospatial","Web",NA
"University of Florida","OSF",NA,NA
"University of Florida","Text_data_mining",NA,NA
"University of Florida","Version_control",NA,"https://guides.uflib.ufl.edu/reproducibility/lessons"
"University of Florida","Web_scraping",NA,NA
"University of Minnesota, Twin Cities","Data_analysis","Instruction",NA
"University of Minnesota, Twin Cities","Data_analysis","Web",NA
"University of Minnesota, Twin Cities","Data_visualization_software","Consult",NA
"University of Minnesota, Twin Cities","Data_visualization_software","Instruction",NA
"University of Minnesota, Twin Cities","Electronic_lab_notebooks",NA,NA
"University of Minnesota, Twin Cities","Geospatial","Consult",NA
"University of Minnesota, Twin Cities","Geospatial","Instruction",NA
"University of Minnesota, Twin Cities","Geospatial_software","Consult",NA
"University of Minnesota, Twin Cities","Geospatial_software","Instruction",NA
"University of Minnesota, Twin Cities","Geospatial_software","Web",NA
"University of Minnesota, Twin Cities","OSF",NA,NA
"University of Minnesota, Twin Cities","Statistical_consulting",NA,NA
"University of Minnesota, Twin Cities","Text_data_mining",NA,NA
"University of Minnesota, Twin Cities","Web_scraping",NA,NA
"University of Texas at Austin","Data_analysis","Instruction","https://www.lib.utexas.edu/events/353"
"University of Texas at Austin","Data_analysis","Web",NA
"University of Texas at Austin","Data_management_plans","Instruction",NA
"University of Texas at Austin","Data_management_plans","Web",NA
"University of Texas at Austin","Data_management","Web",NA
"University of Texas at Austin","Data_repository",NA,NA
"University of Texas at Austin","Data_visualization_software","Consult",NA
"University of Texas at Austin","Data_visualization_software","Web",NA
"University of Texas at Austin","Electronic_lab_notebooks",NA,NA
"University of Texas at Austin","Geospatial","Web","https://guides.lib.utexas.edu/gis"
"University of Texas at Austin","OSF",NA,NA
"University of Texas at Austin","Reproducible_research",NA,NA
"University of Texas at Austin","Statistical_consulting",NA,NA
"University of Texas at Austin","Text_data_mining",NA,"https://www.lib.utexas.edu/events/432"
"University of Texas at Austin","Version_control",NA,NA
"Washington State University","Data_analysis","Web",NA
"Washington State University","Data_management","Instruction",NA
"Washington State University","Data_management_plans","Instruction",NA
"Washington State University","Data_visualization_software","Consult",NA
"Washington State University","Data_visualization_software","Instruction",NA
"Washington State University","Data_visualization_software","Web",NA
"Washington State University","DMPTool",NA,"https://libguides.libraries.wsu.edu/datamanagement/dmp"
"Washington State University","Electronic_lab_notebooks",NA,NA
"Washington State University","Geospatial","Consult",NA
"Washington State University","Geospatial","Instruction",NA
"Washington State University","Geospatial_software","Consult",NA
"Washington State University","Geospatial_software","Instruction",NA
"Washington State University","Geospatial_software","Web",NA
"Washington State University","Geospatial","Web",NA
"Washington State University","OSF",NA,NA
"Washington State University","Reproducible_research",NA,NA
"Washington State University","Statistical_consulting",NA,NA
"Washington State University","Text_data_mining",NA,NA
"Washington State University","Version_control",NA,NA
"Washington State University","Web_scraping",NA,NA
"Arizona State University","Carpentries",NA,NA
"Arizona State University","Data_analysis","Consult",NA
"Arizona State University","Data_analysis","Web","https://lib.asu.edu/data/learning"
"Arizona State University","Data_management","Consult",NA
"Arizona State University","Data_management","Instruction",NA
"Arizona State University","Data_management_plans","Instruction",NA
"Arizona State University","Data_visualization_software","Instruction",NA
"Arizona State University","Data_visualization_software","Web",NA
"Arizona State University","Electronic_lab_notebooks",NA,NA
"Arizona State University","Geospatial","Instruction","https://lib.asu.edu/geo/events"
"Arizona State University","Geospatial_software","Web",NA
"Arizona State University","Geospatial","Web","https://lib.asu.edu/geo"
"Arizona State University","OSF",NA,NA
"Arizona State University","Reproducible_research",NA,NA
"Arizona State University","Statistical_consulting",NA,NA
"Arizona State University","Text_data_mining",NA,NA
"Arizona State University","Version_control",NA,NA
"Arizona State University","Web_scraping",NA,NA
"Michigan State University","Aerial_imagery",NA,"https://libguides.lib.msu.edu/c.php?g=95495&p=623953"
"Michigan State University","Carpentries",NA,NA
"Michigan State University","Data_analysis","Consult",NA
"Michigan State University","Data_analysis","Instruction",NA
"Michigan State University","Data_analysis","Web",NA
"Michigan State University","Data_management","Instruction","https://lib.msu.edu/rdmg/training/"
"Michigan State University","Data_management_plans","Instruction",NA
"Michigan State University","Data_management_plans","Web","https://lib.msu.edu/rdmg/resources/"
"Michigan State University","Data_repository",NA,NA
"Michigan State University","Data_visualization_software","Instruction",NA
"Michigan State University","Data_visualization_software","Web",NA
"Michigan State University","DMPTool",NA,"https://lib.msu.edu/rdmg/resources/"
"Michigan State University","Electronic_lab_notebooks",NA,NA
"Michigan State University","Geospatial","Consult",NA
"Michigan State University","Geospatial_software","Consult",NA
"Michigan State University","Geospatial","Web","https://libguides.lib.msu.edu/c.php?g=95932&p=624998"
"Michigan State University","OSF",NA,NA
"Michigan State University","Reproducible_research",NA,NA
"Michigan State University","Statistical_consulting",NA,NA
"Michigan State University","Text_data_mining",NA,"https://lib.msu.edu/dts/"
"Michigan State University","Version_control",NA,NA
"Michigan State University","Web_scraping",NA,NA
"Ohio State University","Aerial_imagery",NA,NA
"Ohio State University","Carpentries",NA,NA
"Ohio State University","Data_analysis","Consult",NA
"Ohio State University","Data_analysis","Instruction",NA
"Ohio State University","Data_analysis","Web",NA
"Ohio State University","Data_management","Consult",NA
"Ohio State University","Data_management","Instruction",NA
"Ohio State University","Data_management_plans","Instruction",NA
"Ohio State University","Data_management_plans","Web",NA
"Ohio State University","Data_visualization_software","Instruction",NA
"Ohio State University","Data_visualization_software","Web",NA
"Ohio State University","Electronic_lab_notebooks",NA,NA
"Ohio State University","Geospatial","Instruction",NA
"Ohio State University","Geospatial_software","Instruction",NA
"Ohio State University","Geospatial","Web","https://guides.osu.edu/geospatial-data/home"
"Ohio State University","OSF",NA,NA
"Ohio State University","Reproducible_research",NA,NA
"Ohio State University","Statistical_consulting",NA,NA
"Ohio State University","Version_control",NA,NA
"Oregon State University","Data_analysis","Consult",NA
"Oregon State University","Data_analysis","Instruction","https://guides.library.oregonstate.edu/Library-Workshops-for-Grad-Students-Faculty"
"Oregon State University","Data_analysis","Web",NA
"Oregon State University","Data_management","Consult","https://guides.library.oregonstate.edu/research-data-services/managing-data"
"Oregon State University","Data_management","Instruction","https://guides.library.oregonstate.edu/Library-Workshops-for-Grad-Students-Faculty"
"Oregon State University","Data_management_plans","Instruction","https://guides.library.oregonstate.edu/Library-Workshops-for-Grad-Students-Faculty"
"Oregon State University","Data_visualization_software","Consult",NA
"Oregon State University","Data_visualization_software","Instruction","https://guides.library.oregonstate.edu/Library-Workshops-for-Grad-Students-Faculty"
"Oregon State University","Data_visualization_software","Web",NA
"Oregon State University","Electronic_lab_notebooks",NA,NA
"Oregon State University","Geospatial","Consult",NA
"Oregon State University","Geospatial","Instruction",NA
"Oregon State University","Geospatial_software","Consult",NA
"Oregon State University","Geospatial_software","Instruction",NA
"Oregon State University","Geospatial_software","Web",NA
"Oregon State University","OSF",NA,NA
"Oregon State University","Reproducible_research",NA,NA
"Oregon State University","Statistical_consulting",NA,NA
"Oregon State University","Text_data_mining",NA,NA
"Oregon State University","Web_scraping",NA,NA
"Pennsylvania State University","Carpentries",NA,NA
"Pennsylvania State University","Data_management","Instruction","https://libraries.psu.edu/research/research-data-services/data-management"
"Pennsylvania State University","Data_management_plans","Instruction",NA
"Pennsylvania State University","Data_management_plans","Web","https://guides.libraries.psu.edu/rdm"
"Pennsylvania State University","Data_repository",NA,NA
"Pennsylvania State University","Data_visualization_software","Web",NA
"Pennsylvania State University","DMPTool",NA,"https://libraries.psu.edu/research/research-data-services/data-management"
"Pennsylvania State University","Electronic_lab_notebooks",NA,NA
"Pennsylvania State University","Geospatial","Instruction","https://libraries.psu.edu/maps"
"Pennsylvania State University","Geospatial_software","Consult",NA
"Pennsylvania State University","Geospatial_software","Instruction","https://libraries.psu.edu/maps"
"Pennsylvania State University","Geospatial_software","Web",NA
"Pennsylvania State University","Geospatial","Web",NA
"Pennsylvania State University","OSF",NA,NA
"Pennsylvania State University","Reproducible_research",NA,NA
"Pennsylvania State University","Text_data_mining",NA,NA
"Pennsylvania State University","Version_control",NA,NA
"Pennsylvania State University","Web_scraping",NA,NA
"Stanford University","Aerial_imagery",NA,NA
"Texas A&M University","Carpentries",NA,NA
"Texas A&M University","Data_analysis","Consult",NA
"University of Arizona","Carpentries",NA,NA
"University of California, Berkeley","Carpentries",NA,NA
"University of California, Berkeley","Data_analysis","Consult",NA
"University of California, Davis","Carpentries",NA,NA
"University of California, Los Angeles","Carpentries",NA,"https://www.library.ucla.edu/events/software-carpentry-python-0"
"University of California, Los Angeles","Data_analysis","Consult","https://www.library.ucla.edu/about-0"
"University of Colorado, Boulder","Carpentries",NA,"https://www.colorado.edu/libraries/research-assistance/data-services"
"University of Florida","Carpentries",NA,NA
"University of Florida","Data_analysis","Consult","https://arcs.uflib.ufl.edu/services/data-science/"
"University of Florida","Data_analysis","Instruction","https://arcs.uflib.ufl.edu/services/data-science/"
"University of Florida","Data_visualization_software","Instruction","https://arcs.uflib.ufl.edu/services/data-science/"
"University of Illinois at Urbana-Champaign","Carpentries",NA,NA
"University of Illinois at Urbana-Champaign","Data_analysis","Consult",NA
"University of Illinois at Urbana-Champaign","Data_analysis","Instruction",NA
"University of Illinois at Urbana-Champaign","Data_analysis","Web",NA
"University of Iowa","Carpentries",NA,NA
"University of Iowa","Data_analysis","Consult",NA
"University of Maryland, College Park","Aerial_imagery",NA,NA
"University of Minnesota, Twin Cities","Carpentries",NA,NA
"University of Minnesota, Twin Cities","Data_analysis","Consult",NA
"University of Minnesota, Twin Cities","Data_management_plans","Instruction",NA
"University of North Carolina at Chapel Hill","Carpentries",NA,NA
"University of Oregon","Carpentries",NA,NA
"University of Southern California","Aerial_imagery",NA,NA
"University of Southern California","Carpentries",NA,NA
"University of Southern California","Data_analysis","Consult","https://libraries.usc.edu/bioinformatics/consultation"
"University of Southern California","Data_analysis","Instruction","https://libraries.usc.edu/bioinformatics/workshops-training"
"University of Southern California","Data_analysis","Web","https://libguides.usc.edu/LearnBioinformatics"
"University of Texas at Austin","Aerial_imagery",NA,NA
"University of Texas at Austin","Data_analysis","Consult",NA
"University of Utah","Carpentries",NA,NA
"University of Utah","Data_analysis","Consult",NA
"University of Washington","Carpentries",NA,NA
"University of Washington","Data_analysis","Consult",NA
"University of Washington","Data_analysis","Instruction",NA
"Washington State University","Aerial_imagery",NA,NA
"Washington State University","Carpentries",NA,NA
"Washington State University","Data_analysis","Consult",NA
"Washington State University","Data_analysis","Instruction",NA
"University of California, Davis","Data_analysis","Instruction","https://datalab.ucdavis.edu/archive/"
"University of California, Davis","Data_analysis","Web","https://datalab.ucdavis.edu/research-toolkits/"
"University of California, Davis","Data_management","Consult","https://www.library.ucdavis.edu/service/research-data-services/#Data Management, Publishing, and Preservation"
"University of California, Davis","Data_management_plans","Consult","https://www.library.ucdavis.edu/service/data-management/plan-2/"
"University of California, Davis","Data_management_plans","Web","https://www.library.ucdavis.edu/service/data-management/plan-2//"
"University of California, Davis","Data_repository",NA,"https://www.library.ucdavis.edu/service/data-management/share/#dryad-1"
"University of California, Davis","Data_visualization_software","Web","https://datalab.ucdavis.edu/research-toolkits//"
"University of California, Davis","Electronic_lab_notebooks",NA,NA
"University of California, Davis","Geospatial","Consult","https://datalab.ucdavis.edu/services/"
"University of California, Davis","Geospatial_software","Web","https://datalab.ucdavis.edu/geospatial/"
"University of California, Davis","Geospatial","Web","https://datalab.ucdavis.edu/geospatial/"
"University of California, Davis","OSF",NA,NA
"University of California, Davis","Statistical_consulting",NA,NA
"University of California, Davis","Version_control",NA,"https://datalab.ucdavis.edu/archive/"
"University of California, Davis","Web_scraping",NA,"https://datalab.ucdavis.edu/archive/"
"University of California, Los Angeles","Data_analysis","Instruction",NA
"University of California, Los Angeles","Data_analysis","Web",NA
"University of California, Los Angeles","Data_management","Consult","https://www.library.ucla.edu/support/publishing-data-management/scholarly-communication-services/data-management-curation-services"
"University of California, Los Angeles","Data_management","Instruction",NA
"University of California, Los Angeles","Data_management_plans","Instruction",NA
"University of California, Los Angeles","Data_visualization_software","Web","https://guides.library.ucla.edu/data-visualization"
"University of California, Los Angeles","Electronic_lab_notebooks",NA,NA
"University of California, Los Angeles","Geospatial","Instruction",NA
"University of California, Los Angeles","Geospatial_software","Instruction",NA
"University of California, Los Angeles","Geospatial_software","Web","https://guides.library.ucla.edu/gis"
"University of California, Los Angeles","Geospatial","Web","https://guides.library.ucla.edu/gis"
"University of California, Los Angeles","OSF",NA,NA
"University of California, Los Angeles","Reproducible_research",NA,NA
"University of Maryland, College Park","Data_analysis","Web",NA
"University of Maryland, College Park","Data_management","Consult",NA
"University of Maryland, College Park","Data_management","Instruction",NA
"University of Maryland, College Park","Data_management_plans","Consult","https://www.lib.umd.edu/data"
"University of Maryland, College Park","Data_management_plans","Instruction",NA
"University of Maryland, College Park","Data_management_plans","Web","https://www.lib.umd.edu/data/management/dmp-guide"
"University of Maryland, College Park","Data_management","Web","https://www.lib.umd.edu/data"
"University of Maryland, College Park","Data_repository",NA,"https://www.lib.umd.edu/data/preservation/drum-for-data"
"University of Maryland, College Park","Data_visualization_software","Consult",NA
"University of Maryland, College Park","Data_visualization_software","Web",NA
"University of Maryland, College Park","DMPTool",NA,NA
"University of Maryland, College Park","Electronic_lab_notebooks",NA,NA
"University of Maryland, College Park","Geospatial_software","Web","https://www.lib.umd.edu/gis/learning"
"University of Maryland, College Park","OSF",NA,NA
"University of Maryland, College Park","Reproducible_research",NA,NA
"University of Maryland, College Park","Text_data_mining",NA,NA
"University of Maryland, College Park","Version_control",NA,NA
"University of Maryland, College Park","Web_scraping",NA,NA
"University of Southern California","Data_management","Consult",NA
"University of Southern California","Data_management","Instruction","https://libguides.usc.edu/c.php?g=1061168&p=7714704"
"University of Southern California","Data_management_plans","Consult",NA
"University of Southern California","Data_management_plans","Web",NA
"University of Southern California","Data_management","Web",NA
"University of Southern California","Data_repository",NA,NA
"University of Southern California","Data_visualization_software","Consult",NA
"University of Southern California","Data_visualization_software","Web",NA
"University of Southern California","DMPTool",NA,NA
"University of Southern California","Electronic_lab_notebooks",NA,NA
"University of Southern California","Geospatial","Consult",NA
"University of Southern California","Geospatial","Instruction","https://libguides.usc.edu/c.php?g=1061168&p=7714704"
"University of Southern California","Geospatial_software","Consult",NA
"University of Southern California","Geospatial_software","Instruction","https://libguides.usc.edu/c.php?g=1061168&p=7714704"
"University of Southern California","Geospatial_software","Web",NA
"University of Southern California","Geospatial","Web","https://libguides.usc.edu/c.php?g=235195&p=15606655"
"University of Southern California","OSF",NA,NA
"University of Southern California","Statistical_consulting",NA,NA
"University of Southern California","Version_control",NA,NA
"University of Southern California","Web_scraping",NA,NA
"University of Wisconsin, Madison","Data_analysis","Web",NA
"University of Wisconsin, Madison","Data_management","Consult","https://researchdata.wisc.edu/our-services/"
"University of Wisconsin, Madison","Data_management","Instruction",NA
"University of Wisconsin, Madison","Data_management_plans","Instruction",NA
"University of Wisconsin, Madison","Data_visualization_software","Web",NA
"University of Wisconsin, Madison","Geospatial_software","Instruction","https://mediaspace.wisc.edu/media/Introduction+to+Geographic+Information+Systems+(GIS)+Workshop/1_m235nlfe"
"University of Wisconsin, Madison","Geospatial_software","Web","https://researchguides.library.wisc.edu/c.php?g=178144&p=1169833"
"University of Wisconsin, Madison","Geospatial","Web","https://researchguides.library.wisc.edu/c.php?g=178144&p=1170191"
"University of Wisconsin, Madison","Text_data_mining",NA,NA
"University of Wisconsin, Madison","Version_control",NA,NA
"University of Wisconsin, Madison","Data_analysis","Consult",NA
"University of Wisconsin, Madison","Data_visualization_software","Consult",NA
"University of Wisconsin, Madison","OSF",NA,NA
"University of Wisconsin, Madison","Reproducible_research",NA,NA
"University of Wisconsin, Madison","Statistical_consulting",NA,NA
"University of Wisconsin, Madison","Web_scraping",NA,NA
