Timestamp,Your initials,Institution,Statistical consulting,Web scraping,Text data mining or text analysis,Data repository or data preservation,Electronic lab notebooks,"Reproducible research (really looking for the word ""reproducible"" or ""replicable"")",Open Science Framework or OSF,DMPTool,"Software, Data, or Library Carpentry workshops","Aerial photos, imagery, or LiDAR (related to GIS)","Version control (e.g. Git, GitHub, Bitbucket)","Geospatial data and GIS general support, consults","Geospatial data and GIS general support, instruction","Geospatial data and GIS general support, web resources","Geospatial and GIS software, consults","Geospatial and GIS software, instruction","Geospatial and GIS software, web resources","Data management support, general, consults","Data management support, general, instruction","Data management support, general, web resources","Data management plans, consults","Data management plans, instruction","Data management plans, web resources","Data visualization software, consults","Data visualization software, instruction","Data visualization software, web resources","Data analysis or programming, consults","Data analysis or programming, instruction","Data analysis or programming, web resources",Other service 1,Other service 2,Other service 3,Other service 4,Other service 5
6/1/2020 12:43:46,CG,Arizona State University,https://lib.asu.edu/data/open-lab,,https://libguides.asu.edu/textanddatamining/introduction,https://lib.asu.edu/research/store,,,https://libguides.asu.edu/data/storage,https://libguides.asu.edu/data/start/dmptool,https://lib.asu.edu/data/open-lab,https://lib.asu.edu/geo,,https://lib.asu.edu/geo/services,https://lib.asu.edu/geo/services,https://lib.asu.edu/geo,https://lib.asu.edu/geo/services,https://lib.asu.edu/geo/services,https://libguides.asu.edu/esrisoftware,https://lib.asu.edu/research,,https://libguides.asu.edu/c.php?g=264208&p=1763700,https://lib.asu.edu/research,,https://libguides.asu.edu/c.php?g=264208&p=1763700,https://lib.asu.edu/data/open-lab,https://lib.asu.edu/data/open-lab,,https://lib.asu.edu/data/open-lab,https://lib.asu.edu/data/open-lab,,Text and Data Mining Libguide; https://libguides.asu.edu/textanddatamining/introduction,,,,
6/3/2020 14:56:52,CG,Michigan State University,https://lib.msu.edu/rdmg/servcat/cstat/,,https://lib.msu.edu/dh/,https://lib.msu.edu/rdmg/advising/,,,,,,http://libguides.lib.msu.edu/c.php?g=95932&p=624998,,,http://libguides.lib.msu.edu/gis,http://libguides.lib.msu.edu/gis,,http://libguides.lib.msu.edu/gis,http://libguides.lib.msu.edu/c.php?g=95932&p=1493888,https://lib.msu.edu/rdmg/advising/,https://lib.msu.edu/rdmg/training/,https://lib.msu.edu/rdmg/resources/,https://lib.msu.edu/rdmg/advising/,https://lib.msu.edu/rdmg/training/,https://lib.msu.edu/rdmg/resources/,http://digitalscholarshiplab.msu.edu/using-the-lab/experts/,http://digitalscholarshiplab.msu.edu/using-the-lab/experts/,http://libguides.lib.msu.edu/c.php?g=966965&p=7019951,https://lib.msu.edu/rdmg/servcat/cstat/,https://lib.msu.edu/rdmg/servcat/cstat/,https://libguides.lib.msu.edu/dataanalysis,,,,,
6/8/2020 11:21:09,CG,Ohio State University,,https://library.osu.edu/researchcommons/project-intake,http://guides.osu.edu/DH/text,http://guides.osu.edu/c.php?g=707751&p=6017038,,,,https://guides.osu.edu/c.php?g=711955,,,,https://library.osu.edu/researchcommons/help/gis-and-mapping,,http://guides.osu.edu/maps-geospatial-data,https://library.osu.edu/researchcommons/help/gis-and-mapping,,http://guides.osu.edu/maps-geospatial-data/software-tools,https://library.osu.edu/researchcommons/help/managing-data,,https://guides.osu.edu/IntroDataManagement,https://library.osu.edu/researchcommons/help/managing-data,,https://guides.osu.edu/c.php?g=711955,https://library.osu.edu/researchcommons/help/visualizing-data,,http://guides.osu.edu/DH/viz,,,http://guides.osu.edu/DH/data,Database Assistance; https://library.osu.edu/researchcommons/project-intake,,,,
6/10/2020 11:31:35,CG,Oregon State University,,,https://guides.library.oregonstate.edu/Library-Workshops-for-Grad-Students-Faculty/workshops_on_demand,https://guides.library.oregonstate.edu/research-data-services/data-management-data-repositories,https://guides.library.oregonstate.edu/research-data-services/data-management-lab-notebooks,,,https://guides.library.oregonstate.edu/friendly.php?s=dmp,https://library.oregonstate.edu/researcher-support,https://guides.library.oregonstate.edu/c.php?g=285932&p=1906685,https://osulp.github.io/workshop_intro_to_git/,,,https://guides.library.oregonstate.edu/c.php?g=285915&p=1905258,,,,https://guides.library.oregonstate.edu/research-data-services/campus-data-services,https://guides.library.oregonstate.edu/Library-Workshops-for-Grad-Students-Faculty/workshops_on_demand,https://guides.library.oregonstate.edu/research-data-services/managing-data,https://guides.library.oregonstate.edu/friendly.php?s=dmp,https://guides.library.oregonstate.edu/Library-Workshops-for-Grad-Students-Faculty/workshops_on_demand,https://guides.library.oregonstate.edu/friendly.php?s=dmp,,,https://guides.library.oregonstate.edu/data,,,,Metadata LibGuide; https://guides.library.oregonstate.edu/research-data-services/data-management-metadata,Metadata consultations and workshops; https://library.oregonstate.edu/researcher-support,,,
6/11/2020 14:44:15,CG,Pennsylvania State University,https://libraries.psu.edu/research/research-data-services/statistical-consultations,,,https://libraries.psu.edu/research/research-data-services/data-archiving-and-preservation,,,,http://guides.libraries.psu.edu/rdm,,http://guides.libraries.psu.edu/aerialphotographs,,https://libraries.psu.edu/about/libraries/donald-w-hamer-center-maps-and-geospatial-information/request-geospatial-or-maps,,http://guides.libraries.psu.edu/c.php?g=515722&p=3525892,,,,https://libraries.psu.edu/research/research-data-services/data-management,https://libraries.psu.edu/research/research-data-services/data-management,http://guides.libraries.psu.edu/dmptoolkit,https://libraries.psu.edu/research/research-data-services/data-management,https://libraries.psu.edu/research/research-data-services/data-management,https://www.e-education.psu.edu/dmpt/,https://guides.libraries.psu.edu/data-analytics-visualization,https://guides.libraries.psu.edu/data-analytics-visualization,https://guides.libraries.psu.edu/data-analytics-visualization,,,,,,,,
6/17/2020 10:34:23,CG,Stanford University,https://library.stanford.edu/research/data-management-services/consulting-training-and-other-services,,https://library.stanford.edu/events/text-analysis-r,https://library.stanford.edu/research/data-management-services/share-and-preserve-research-data,https://library.stanford.edu/science/software/chemoffice-professional,https://library.stanford.edu/research/data-management-services/consulting-training-and-other-services,,https://library.stanford.edu/research/data-management-services/data-management-plans/dmptool,https://library.stanford.edu/research/data-management-services/events,,https://library.stanford.edu/research/data-management-services/consulting-training-and-other-services,https://library.stanford.edu/research/stanford-geospatial-center/services,https://library.stanford.edu/research/stanford-geospatial-center/workshops,https://library.stanford.edu/research/stanford-geospatial-center,,https://library.stanford.edu/research/stanford-geospatial-center/workshops,https://library.stanford.edu/research/stanford-geospatial-center/software,https://library.stanford.edu/research/data-management-services/consulting-training-and-other-services,https://library.stanford.edu/research/data-management-services/consulting-training-and-other-services,https://library.stanford.edu/research/data-management-services/data-best-practices,https://library.stanford.edu/research/data-management-services/consulting-training-and-other-services,https://library.stanford.edu/research/data-management-services/consulting-training-and-other-services,https://library.stanford.edu/research/data-management-services/data-management-plans,,https://library.stanford.edu/research/data-management-services/consulting-training-and-other-services,,,,,,,,,
6/19/2020 12:46:30,CG,Texas A&M University,,,,https://tamu.libguides.com/research-data-management/repositories,,,https://tamu.libguides.com/research-data-management/collaborate,https://tamu.libguides.com/research-data-management/dmps,,http://tamu.libguides.com/aerialphotos,,,,http://tamu.libguides.com/gis,,,http://tamu.libguides.com/gis/onlinelearning,https://askus.library.tamu.edu/rdms,https://tamu.libguides.com/research-data-management/workshops,https://tamu.libguides.com/research-data-management/overview,https://library.tamu.edu/services/scholarly_communication/Data_Management/planning.html,https://tamu.libguides.com/research-data-management/workshops,https://tamu.libguides.com/research-data-management/dmps,,,,,,,,,,,
6/20/2020 11:42:37,CG,"University of California, Berkeley",,,https://guides.lib.berkeley.edu/text-mining,https://researchdata.berkeley.edu/services/data-preservation-and-archiving,https://guides.lib.berkeley.edu/ERN,https://guides.lib.berkeley.edu/reproducibility-guide,,https://researchdata.berkeley.edu/services/data-management-plans,https://guides.lib.berkeley.edu/library-carpentry-sprint2017,https://guides.lib.berkeley.edu/maps/airphotos,,https://guides.lib.berkeley.edu/gis/remote,https://guides.lib.berkeley.edu/gis/remote,https://guides.lib.berkeley.edu/gis/remote,,,https://guides.lib.berkeley.edu/gis/tools,https://researchdata.berkeley.edu/services,https://researchdata.berkeley.edu/training,https://researchdata.berkeley.edu/services,https://researchdata.berkeley.edu/services/data-management-plans,,https://researchdata.berkeley.edu/services/data-management-plans,,,https://guides.lib.berkeley.edu/data-visualization/about,,,https://guides.lib.berkeley.edu/ps190/stats,,,,,
6/22/2020 14:50:41,AC,Arizona State University,https://lib.asu.edu/data/open-lab,,https://lib.asu.edu/data,https://repository.asu.edu/,https://libguides.asu.edu/chemistry/web,https://sgsup.asu.edu/sparc/RRWorkshop,https://libguides.asu.edu/openaccess/opendata-science,,https://lib.asu.edu/data/open-lab,https://lib.asu.edu/geo/imagery,https://github.com/UnitForDataScience,https://lib.asu.edu/geo/services,https://lib.asu.edu/geo/services,https://lib.asu.edu/geo/data,https://lib.asu.edu/geo/software,https://lib.asu.edu/geo/software,https://lib.asu.edu/geo/software,https://lib.asu.edu/research/proposals,https://lib.asu.edu/research/proposals,https://lib.asu.edu/research/proposals,https://libguides.asu.edu/data,https://libguides.asu.edu/data,https://libguides.asu.edu/data,https://lib.asu.edu/data/about,https://lib.asu.edu/librarychannel/Competition-Telling-stories-data,https://lib.asu.edu/librarychannel/Get-involved-data-science,,,,https://libguides.asu.edu/grad/workshops,,,,
6/22/2020 17:17:10,AC,Michigan State University,http://libguides.lib.msu.edu/datastats,,https://libguides.lib.msu.edu/c.php?g=95580&p=6293247,https://lib.msu.edu/preservation/digital/,,,,,http://digitalscholarshiplab.msu.edu/using-the-lab/lab-technology/,http://digitalscholarshiplab.msu.edu/using-the-lab/lab-technology/,,https://blogs.lib.msu.edu/map-library/2016/mar/geospatial-workshops-spring-2016,https://blogs.lib.msu.edu/map-library/2016/mar/geospatial-workshops-spring-2016,http://digitalscholarshiplab.msu.edu/using-the-lab/lab-technology/,https://blogs.lib.msu.edu/map-library/2016/mar/geospatial-workshops-spring-2016,https://libguides.lib.msu.edu/c.php?g=224434,https://libguides.lib.msu.edu/c.php?g=224434,https://lib.msu.edu/rdmg/advising/,https://lib.msu.edu/rdmg/training/,https://lib.msu.edu/rdmg/resources/,https://lib.msu.edu/rdmg/advising/,https://lib.msu.edu/rdmg/training/,https://lib.msu.edu/rdmg/resources/,https://lib.msu.edu/about/data/,http://digitalscholarshiplab.msu.edu/using-the-lab/lab-technology/,http://digitalscholarshiplab.msu.edu/using-the-lab/lab-technology/,http://libguides.lib.msu.edu/dataanalysis,http://libguides.lib.msu.edu/c.php?g=96626&p=626740,http://libguides.lib.msu.edu/c.php?g=96626&p=768034,https://lib.msu.edu/computer/printing/,https://blogpublic.lib.msu.edu/map-library/2020/may/accessible-data-visualization-and-mapping,https://libguides.lib.msu.edu/c.php?g=721645&p=7376150,https://blogs.lib.msu.edu/map-library/2017/sep/visualization-community-seminar-series,
6/23/2020 14:17:50,AC,Ohio State University,https://scs.osu.edu/,https://library.osu.edu/researchcommons/tag/data-scraping,https://research.osu.edu/collaborative-archive-and-data-research-environment-cadre-services-now-available/,https://library.osu.edu/site/osulstaff/2020/01/31/ohio-state-new-institutional-member-of-dryad-open-data-repository/,https://resourcecenter.odee.osu.edu/labarchives,https://library.osu.edu/researchcommons/event/center-for-open-science-workshop,https://library.osu.edu/researchcommons/tag/open-science,https://library.osu.edu/researchcommons/2018/03/09/new-dmptool,,http://guides.osu.edu/maps-geospatial-data/maps,https://u.osu.edu/ihudas/software/,http://guides.osu.edu/maps-geospatial-data/training-tutorials,http://guides.osu.edu/maps-geospatial-data/training-tutorials,http://guides.osu.edu/maps-geospatial-data/geospatial-data,http://guides.osu.edu/maps-geospatial-data/software-tools,http://guides.osu.edu/maps-geospatial-data/software-tools,http://guides.osu.edu/maps-geospatial-data/software-tools,http://guides.osu.edu/IntroDataManagement,http://guides.osu.edu/IntroDataManagement,https://library.osu.edu/researchcommons/help/managing-data,https://guides.osu.edu/c.php?g=711955,https://guides.osu.edu/c.php?g=711955,https://guides.osu.edu/c.php?g=711955,https://library.osu.edu/researchcommons/help/visualizing-data,https://library.osu.edu/researchcommons/help/visualizing-data,https://library.osu.edu/researchcommons/help/visualizing-data,https://hslguides.osu.edu/hsl_du_software/home,https://hslguides.osu.edu/hsl_du_software/home,https://hslguides.osu.edu/hsl_du_software/home,,,,,
6/23/2020 14:35:34,AC,Oregon State University,https://stat.oregonstate.edu/consultingdropin,,https://guides.library.oregonstate.edu/research-data-services/data-management-types-formats,https://guides.library.oregonstate.edu/research-data-services/data-management-archive-preserve,https://guides.library.oregonstate.edu/research-data-services/data-management-lab-notebooks,,https://guin.library.oregonstate.edu/workshops-offered-data-wrangling-research-411-and-open-research-%E2%80%93-toolsbest-practices-412,http://dmptool.org/,https://guides.library.oregonstate.edu/c.php?g=285930&p=7590538#s-lg-box-24107783,https://spatialdata.oregonexplorer.info/geoportal/,https://guides.library.oregonstate.edu/c.php?g=285930&p=7590538#s-lg-box-24107783,https://guides.library.oregonstate.edu/c.php?g=285915&p=1905258,https://guides.library.oregonstate.edu/c.php?g=285915&p=1905258,https://guides.library.oregonstate.edu/c.php?g=285915&p=1905258,http://www.geo.oregonstate.edu/esri/,http://www.geo.oregonstate.edu/esri/,http://www.geo.oregonstate.edu/esri/,https://guides.library.oregonstate.edu/research-data-services/managing-data,https://guides.library.oregonstate.edu/research-data-services/managing-data,https://guides.library.oregonstate.edu/research-data-services/managing-data,https://guides.library.oregonstate.edu/research-data-services/data-management-file-organization,https://guides.library.oregonstate.edu/research-data-services/data-management-file-organization,https://guides.library.oregonstate.edu/research-data-services/data-management-file-organization,,,,,,https://guides.library.oregonstate.edu/data,https://guides.library.oregonstate.edu/friendly.php?s=dmp,,,,
6/23/2020 15:13:32,AC,Pennsylvania State University,https://libraries.psu.edu/research/research-data-services/statistical-consultations,,,https://libraries.psu.edu/about/departments/preservation-conservation-and-digitization/about-bindery,,https://sites.psu.edu/codeforher/r-workshop-series/,,,,http://guides.libraries.psu.edu/aerialphotographs,,https://libraries.psu.edu/about/libraries/donald-w-hamer-center-maps-and-geospatial-information/request-geospatial-or-maps,http://guides.libraries.psu.edu/GISopensource,http://guides.libraries.psu.edu/GISopensource,http://guides.libraries.psu.edu/GISopensource,http://guides.libraries.psu.edu/GISopensource,http://guides.libraries.psu.edu/GISopensource,https://libraries.psu.edu/research/research-data-services/data-management,,http://guides.libraries.psu.edu/rdm,http://guides.libraries.psu.edu/dmptoolkit,http://guides.libraries.psu.edu/dmptoolkit,http://guides.libraries.psu.edu/dmptoolkit,https://libraries.psu.edu/about/departments/research-informatics-and-publishing/advanced-analytics-and-visualization-digital,https://libraries.psu.edu/about/departments/research-informatics-and-publishing/advanced-analytics-and-visualization-digital,https://libraries.psu.edu/about/departments/research-informatics-and-publishing/advanced-analytics-and-visualization-digital,https://guides.libraries.psu.edu/c.php?g=894031&p=6889383,https://libraries.psu.edu/about/departments/research-informatics-and-publishing/training-events,https://guides.libraries.psu.edu/c.php?g=894031&p=6429300,https://libraries.psu.edu/about/departments/libraries-strategic-technologies,,,,
6/24/2020 13:52:31,AC,Stanford University,https://library.stanford.edu/research/cidr/consulting,https://library.stanford.edu/research/cidr/consulting,https://library.stanford.edu/research/cidr/consulting,https://library.stanford.edu/research/stanford-digital-repository,https://library.stanford.edu/blogs/stanford-libraries-blog/2018/11/chemoffice-professional-version-18-and-signals-notebook,https://library.stanford.edu/events/2016-05-02/improving-reproducibility-quantitative-research-hands-workshop,,,https://searchworks.stanford.edu/view/gb482gq5743,https://library.stanford.edu/guides/satellite-imagery,https://library.stanford.edu/events/introduction-git-github-organizing-your-stuff-1,https://library.stanford.edu/rumsey/using-center/teaching-researching-and-consulting,https://library.stanford.edu/rumsey/using-center/teaching-researching-and-consulting,https://library.stanford.edu/rumsey/collections,https://library.stanford.edu/rumsey/programs/workshops-and-tours,https://library.stanford.edu/rumsey/programs/workshops-and-tours,https://us14.campaign-archive.com/?u=bc280d099b8c85ba9fd6e0bb0&id=8ad908bc32,https://library.stanford.edu/research/data-management-services,https://library.stanford.edu/research/data-management-services/consulting-training-and-other-services,https://www.dataone.org/all-best-practices,https://library.stanford.edu/research/data-management-services/data-management-plans/specific-guidance,https://library.stanford.edu/research/data-management-services/data-best-practices,https://library.stanford.edu/research/data-management-services/data-management-plans/specific-guidance,https://library.stanford.edu/events/data-visualization-r,https://library.stanford.edu/events/data-visualization-tableau,https://library.stanford.edu/events/basics-data-visualization,https://ssds.stanford.edu/consulting-workshops/walk-consulting,https://library.stanford.edu/research/cidr/workshops,https://library.stanford.edu/research/data-and-statistical-software,https://library.stanford.edu/research/data-management-services/data-management-plans/dmptool,,,,
6/24/2020 16:26:20,AC,Texas A&M University,,,http://tamu.libguides.com/systematicreviews/resources,http://tamu.libguides.com/research-data-management/repositories,,,https://library.tamu.edu/services/scholarly_communication/Open_Access/index.html,https://dmptool.org/,,http://tamu.libguides.com/aerialphotos,,http://tamu.libguides.com/gis/gis,http://tamu.libguides.com/gis/onlinelearning,,,http://tamu.libguides.com/gis/tutorials,http://tamu.libguides.com/gis/software,http://tamu.libguides.com/research-data-management/overview,http://tamu.libguides.com/research-data-management/workshops,http://tamu.libguides.com/research-data-management/data-sharing-requirements,http://tamu.libguides.com/research-data-management/dmps,http://tamu.libguides.com/research-data-management/workshops,http://tamu.libguides.com/research-data-management/collaborate,http://tamu.libguides.com/viz,,https://library.tamu.edu/libraryInstruction/the-studio.html,,,,,,,,
6/25/2020 14:50:25,CG,"University of California, Davis",,,https://www.library.ucdavis.edu/service/digital-scholarship/,https://www.library.ucdavis.edu/service/data-management/share/,,,https://www.library.ucdavis.edu/service/data-management/share/,https://www.library.ucdavis.edu/service/data-management/plan-2/,https://www.library.ucdavis.edu/service/data-management/data-management-program-workshops-events/,https://www.library.ucdavis.edu/guide/ucd-aerial-photo-holdings-county/,https://www.library.ucdavis.edu/service/data-management/share/,https://www.library.ucdavis.edu/guide/mapping-and-gis/,https://www.library.ucdavis.edu/service/data-management/data-management-program-workshops-events/,https://www.library.ucdavis.edu/guide/mapping-and-gis/,,https://www.library.ucdavis.edu/service/data-management/data-management-program-workshops-events/,https://www.library.ucdavis.edu/guide/mapping-and-gis/,https://datalab.ucdavis.edu/office-hours/,https://www.library.ucdavis.edu/service/data-management/data-management-program-workshops-events/,https://www.library.ucdavis.edu/service/research-data-services/,https://www.library.ucdavis.edu/service/data-management/plan-2/,https://www.library.ucdavis.edu/service/data-management/data-management-program-workshops-events/,https://www.library.ucdavis.edu/service/data-management/plan-2/,https://www.library.ucdavis.edu/service/digital-scholarship/,https://www.library.ucdavis.edu/service/data-management/data-management-program-workshops-events/,,https://www.library.ucdavis.edu/service/digital-scholarship/,,,,,,,
6/25/2020 16:31:56,AC,"University of California, Davis",https://www.library.ucdavis.edu/service/research-data-services/#Health%20Science%20Data%20at%20the%20Blaisdell%20Medical%20Library,,,https://www.library.ucdavis.edu/service/data-management/share/#dryad-1,https://www.library.ucdavis.edu/service/preserve-your-research/,https://www.library.ucdavis.edu/service/data-management/stride/,,https://www.library.ucdavis.edu/service/data-management/plan-2/,,https://www.library.ucdavis.edu/guide/geospatial-data-for-storage-exchange/,https://itcatalog.ucdavis.edu/service/github,https://www.library.ucdavis.edu/author/michele-tobias/,https://www.library.ucdavis.edu/service/data-management/mapping-cartography/,https://www.library.ucdavis.edu/guide/geospatial-data-for-storage-exchange/,https://www.library.ucdavis.edu/guide/mapping-and-gis/#gis-resources-on-campus-1,https://www.library.ucdavis.edu/guide/mapping-and-gis/#gis-resources-on-campus-1,https://www.library.ucdavis.edu/guide/mapping-and-gis/#selected-map-gis-data-sources-4,https://www.library.ucdavis.edu/service/preserve-your-research/,,https://www.library.ucdavis.edu/service/data-management/share/,https://www.library.ucdavis.edu/service/data-management/plan-2/,https://www.library.ucdavis.edu/guide/mapping-and-gis/#selected-map-gis-data-sources-4,https://www.library.ucdavis.edu/service/data-management/share/,,https://datalab.ucdavis.edu/instructional-support/,"https://www.library.ucdavis.edu/service/research-data-services/#Data%20Extraction,%20Formatting,%20and%20Visualization",,https://www.library.ucdavis.edu/service/data-management/data-management-program-workshops-events/,https://www.library.ucdavis.edu/service/digital-scholarship/,,,,,
6/25/2020 16:49:33,AC,"University of California, Los Angeles",https://www.library.ucla.edu/datasquad,https://www.library.ucla.edu/datasquad,https://www.library.ucla.edu/events/text-data-mining-resource-spotlight,https://www.library.ucla.edu/events/open-access-data-repositories,https://www.library.ucla.edu/events/electronic-lab-notebooks-workshop-biomed-demo,https://www.library.ucla.edu/events/increasing-openness-reproducibility-quantitative-research,https://www.library.ucla.edu/events/open-science-framework-research-workflows,https://www.library.ucla.edu/news/new-dmptool-released,https://www.library.ucla.edu/events/library-carpentry-workshop-day-1,https://www.library.ucla.edu/events/gis-day-2016,https://www.library.ucla.edu/events/gitgithub,https://www.library.ucla.edu/get-help,,,,https://www.library.ucla.edu/events/gis-python,https://www.library.ucla.edu/events/discovering-data-making-maps,https://www.library.ucla.edu/support/publishing-data-management/scholarly-communication-services/data-management-curation-services/data-management-plans,,,,https://guides.library.ucla.edu/data-wednesdays/dmp?_ga=2.179210662.322659095.1593128726-1515400080.1593128726,https://www.library.ucla.edu/location/data-science-center/data-archive-collections,https://www.library.ucla.edu/events/intro-tableau-public,https://www.library.ucla.edu/events/intro-tableau-public,https://www.library.ucla.edu/news/research-data-visualization-2017-spring-workshop-series,https://www.library.ucla.edu/support/support-instructors/teaching-consultations-assignment-design,https://www.library.ucla.edu/events/hands-introduction-literate-programming-aug-25-2017,https://www.library.ucla.edu/news/data-archive-workshops,,,,,
6/26/2020 7:51:53,CG,University of Arizona,,,https://libguides.library.arizona.edu/text-mining,https://data.library.arizona.edu/best-practices/data-sharing-archiving,,https://data.library.arizona.edu/best-practices/data-publishing-reproducibility,https://data.library.arizona.edu/best-practices/open-science-framework-osf,https://data.library.arizona.edu/data-management-plans/dmptool,https://new.library.arizona.edu/research/support/data,https://libguides.library.arizona.edu/GIS/ImageryandLidar,,https://libguides.library.arizona.edu/GIS/Help,,https://libguides.library.arizona.edu/GIS,https://libguides.library.arizona.edu/GIS/Help,,https://libguides.library.arizona.edu/GIS/software,https://data.library.arizona.edu/our-services,https://data.library.arizona.edu/our-services,https://data.library.arizona.edu/best-practices,https://data.library.arizona.edu/our-services,https://data.library.arizona.edu/our-services,https://data.library.arizona.edu/data-management-plans,,,https://libguides.library.arizona.edu/dighumantools/dataviz,,,,,,,,
6/26/2020 9:17:40,CG,"University of California, Los Angeles",https://calendly.com/data-science-team,https://www.library.ucla.edu/support/research-help/research-data-services,https://guides.library.ucla.edu/text,https://www.library.ucla.edu/location/data-science-center/data-archive-collections,,,,https://guides.library.ucla.edu/c.php?g=180539&p=1189314,https://calendly.com/data-science-team,https://guides.library.ucla.edu/maps/aerial-photos,https://www.library.ucla.edu/datasquad,https://calendly.com/data-science-team,,https://guides.library.ucla.edu/c.php?g=180507&p=1187577,https://calendly.com/data-science-team,,https://guides.library.ucla.edu/c.php?g=180507&p=1187577,https://www.library.ucla.edu/support/research-help/research-data-services,https://guides.library.ucla.edu/data-management-sciences,https://guides.library.ucla.edu/data-management-sciences,https://www.library.ucla.edu/support/research-help/research-data-services,,https://guides.library.ucla.edu/c.php?g=180539&p=1189314,https://www.library.ucla.edu/datasquad,https://www.library.ucla.edu/support/research-help/research-data-services,,https://www.library.ucla.edu/datasquad,,,,,,,
6/26/2020 14:03:15,AC,"University of Colorado, Boulder",,,,https://scholar.colorado.edu/about,,,https://www.colorado.edu/libraries/research-assistance/open-access,,,https://geo.colorado.edu/,,,,https://geo.colorado.edu/,,,https://geo.colorado.edu/,,,,,,,,,,,,,,,,,
6/26/2020 14:32:10,AC,University of Florida,https://guides.uflib.ufl.edu/educationalstats,,https://guides.uflib.ufl.edu/digitalhumanities/dh/tools,https://guides.uflib.ufl.edu/c.php?g=636498&p=5441695,https://guides.uflib.ufl.edu/c.php?g=729909&p=5215812,https://guides.uflib.ufl.edu/reproducibility,https://guides.uflib.ufl.edu/datamanagement/tools,https://guides.uflib.ufl.edu/c.php?g=729909&p=5215812,https://datacarpentry.org/lessons/,https://cms.uflib.ufl.edu/maps/collections,https://guides.uflib.ufl.edu/c.php?g=1007095&p=7296054,https://guides.uflib.ufl.edu/c.php?g=147404&p=966619,https://guides.uflib.ufl.edu/c.php?g=147838&p=969165,https://guides.uflib.ufl.edu/c.php?g=147404&p=966619,https://guides.uflib.ufl.edu/c.php?g=147404&p=966619,,,,https://guides.uflib.ufl.edu/datamanagement/home,,,https://guides.uflib.ufl.edu/datamanagement/dmp,https://guides.uflib.ufl.edu/datamanagement/tableau,,https://guides.uflib.ufl.edu/images,https://guides.uflib.ufl.edu/Visualization,,,,,,,,
6/27/2020 10:14:59,AC,University of Illinois at Urbana-Champaign,https://www.library.illinois.edu/sc/statistical-consulting/,,https://guides.library.illinois.edu/textmining,https://www.library.illinois.edu/scp/repositories/,,https://guides.library.illinois.edu/c.php?g=706469&p=6591153,https://guides.library.illinois.edu/c.php?g=348005&p=3423447,https://guides.library.illinois.edu/istclibraryguide/datamgmt,,https://www.library.illinois.edu/max/collections/aerial_photographs/#ILPhotos,https://guides.library.illinois.edu/c.php?g=736070,https://www.library.illinois.edu/sc/gis/consult/,https://www.library.illinois.edu/sc/gis/workshops/,https://www.library.illinois.edu/sc/gis/community/,https://www.library.illinois.edu/sc/gis/consult/,https://www.library.illinois.edu/sc/gis/software/,,,http://guides.library.illinois.edu/introdata,,,https://www.library.illinois.edu/rds/plan/,,,https://guides.library.illinois.edu/visualize-your-data/,https://www.library.illinois.edu/sc/services/data-visualization/,,https://guides.library.illinois.edu/STATA,https://www.library.illinois.edu/search.php?q=Data+analysis+or+programming&hl=en&safe=off&filter=0,,,,,
6/27/2020 10:28:32,AC,University of Iowa,,https://dsps.lib.uiowa.edu/digital-oxford-twp/2020/02/12/web-scraping-with-python-workshop/,https://dsps.lib.uiowa.edu/programera/2018/10/10/extracting-and-organizing-htrc-corpora-tips-tool-and-walkthrough/,https://www.lib.uiowa.edu/data/share/data-repositories/,https://www.lib.uiowa.edu/data/manage/documenting/lab-notebooks/,https://blog.lib.uiowa.edu/news/2018/11/09/ui-libraries-collaborates-to-expand-access-to-research-data/,,https://www.lib.uiowa.edu/data/plan/tools/,,https://www.lib.uiowa.edu/maps/aerial/,https://dsps.lib.uiowa.edu/bam/github/,https://guides.lib.uiowa.edu/c.php?g=132116&p=2316517,https://guides.lib.uiowa.edu/c.php?g=132116&p=862378,https://guides.lib.uiowa.edu/c.php?g=132116&p=862462,,https://guides.lib.uiowa.edu/c.php?g=132116&p=6634664,https://guides.lib.uiowa.edu/c.php?g=132116&p=2713587,,http://www.lib.uiowa.edu/data/plan/,http://www.lib.uiowa.edu/data/plan/funder-and-ui-requirements/,,http://www.lib.uiowa.edu/data/plan/tools/,,https://www.lib.uiowa.edu/data/data-analysis/,https://ppc.uiowa.edu/isrc/methods-consulting,,,http://www.lib.uiowa.edu/data/events/,https://its.uiowa.edu/big-data-analytics,,,,,
6/27/2020 10:40:06,AC,"University of Maryland, College Park",https://www.lib.umd.edu/rc/statistical-consulting,https://www.lib.umd.edu/binaries/content/assets/public/gis/introduction-to-python-workbook-updated-020719.pdf,https://lib.guides.umd.edu/textmining,https://www.lib.umd.edu/data/repositories,https://www.lib.umd.edu/binaries/content/assets/public/chemistry/elns/quick-start.pdf,,https://www.lib.umd.edu/news/2015/02/open-science,https://www.lib.umd.edu/data/dmp,https://www.lib.umd.edu/rc/data-science,https://www.lib.umd.edu/dbfinder/list/facet/Subject/GIS+and+Maps,,,https://www.lib.umd.edu/gis/learning,https://www.lib.umd.edu/gis/data-and-resources,https://www.lib.umd.edu/gis/people-and-facilities,https://www.lib.umd.edu/binaries/content/assets/public/gis/open-source-geospatial-tools-workbook-update-2019.pdf,https://www.lib.umd.edu/gis/research,https://www.lib.umd.edu/data/events,https://www.lib.umd.edu/data/data-mgmt,https://www.lib.umd.edu/data/data-mgmt,,https://www.lib.umd.edu/data/dmp,https://www.lib.umd.edu/data/dmp,,https://www.lib.umd.edu/binaries/content/assets/public/gis/data-viz-workbook---final-july-20189.13.18.pdf,,https://www.lib.umd.edu/rc/data-science,https://lib.guides.umd.edu/c.php?g=327087&p=3506810,https://lib.guides.umd.edu/c.php?g=327087&p=3506810,,,,,
6/27/2020 13:36:37,CG,"University of Colorado, Boulder",https://calendar.colorado.edu/event/lisa_consult_hours?utm_campaign=widget&utm_medium=widget&utm_source=University+of+Colorado+Boulder,https://osf.io/36mj4/,https://www.colorado.edu/crdds/learning-materials,,,,https://www.colorado.edu/libraries/research/research-data-initiative/open-science-framework-institutions,https://www.colorado.edu/libraries/research-assistance/data-services,https://www.colorado.edu/libraries/research-assistance/data-services,https://libguides.colorado.edu/strategies/maps,,https://www.colorado.edu/libraries/research/consultation,,https://libguides.colorado.edu/strategies/maps,,https://www.colorado.edu/libraries/research/digital-scholarship,,https://www.colorado.edu/libraries/research-assistance/data-services,https://www.colorado.edu/crdds/what-we-do/research-data-management,,https://www.colorado.edu/libraries/research-assistance/data-services,,,https://calendar.colorado.edu/event/interdisciplinary_data_consult_hours_5549?utm_campaign=widget&utm_medium=widget&utm_source=University+of+Colorado+Boulder,https://osf.io/36mj4/,https://www.colorado.edu/crdds/learning-materials,https://calendar.colorado.edu/event/interdisciplinary_data_consult_hours_5549?utm_campaign=widget&utm_medium=widget&utm_source=University+of+Colorado+Boulder,https://osf.io/36mj4/,,,,,,
6/28/2020 15:13:38,AC,"University of Minnesota, Twin Cities",,,https://libguides.umn.edu/text-mining,https://conservancy.umn.edu/handle/11299/166578,https://www.lib.umn.edu/datamanagement/eln,https://www.lib.umn.edu/researchsupport/reproducibility,https://www.lib.umn.edu/scholcom/open-science,https://www.lib.umn.edu/datamanagement/dmp,,https://www.lib.umn.edu/borchert/gis-data,https://www.continuum.umn.edu/event/programming-pizza-5/,,https://www.lib.umn.edu/borchert/gis-data,https://www.lib.umn.edu/borchert/map-geography-online-resources,,https://www.lib.umn.edu/borchert/automated-cartographic-information-center,https://www.lib.umn.edu/borchert/automated-cartographic-information-center,,https://www.lib.umn.edu/datamanagement/best-practices-templates,https://www.lib.umn.edu/datamanagement/best-practices-templates,https://www.lib.umn.edu/datamanagement/workshops,https://www.lib.umn.edu/datamanagement/workshops,https://www.lib.umn.edu/datamanagement/dmp,,https://libguides.umn.edu/datavis,https://libguides.umn.edu/c.php?g=921727&p=6642972,https://www.lib.umn.edu/datamanagement/computing,https://www.lib.umn.edu/datamanagement/computing,https://www.lib.umn.edu/datamanagement/computing,,,,,
6/28/2020 15:30:10,AC,University of Oregon,https://library.uoregon.edu/research-data-management/consultations,,https://library.uoregon.edu/digital-scholarship-workshop-demand-tbd,https://researchguides.uoregon.edu/scholarsbank/faculty-publishing-data,http://researchguides.uoregon.edu/library_workshops/digital_projects,,http://researchguides.uoregon.edu/library_workshops/using_osf,https://researchguides.uoregon.edu/dmp-tool,,https://library.uoregon.edu/map/or/gis_or_city,http://researchguides.uoregon.edu/library_workshops/version_control,,https://researchguides.uoregon.edu/gis/data,https://library.uoregon.edu/dc/dlc/geospatialdata.html,,https://library.uoregon.edu/portland/gis,https://library.uoregon.edu/map/general_libInfo/library_checkout,,https://researchguides.uoregon.edu/data-management/services,https://researchguides.uoregon.edu/data-management/services,,https://researchguides.uoregon.edu/data-management,https://researchguides.uoregon.edu/data-management,https://library.uoregon.edu/psc-visualization-lab,https://library.uoregon.edu/psc-visualization-lab,https://library.uoregon.edu/scilib/psc-visualization-lab-resources,https://library.uoregon.edu/research-data-management/consultations,https://researchguides.uoregon.edu/c.php?g=567658&p=3987370,https://researchguides.uoregon.edu/c.php?g=567658&p=3987370,,,,,
6/28/2020 18:19:05,AC,University of Texas at Austin,,https://www.lib.utexas.edu/events/238,https://www.lib.utexas.edu/events/238,https://data.tdl.org/,,,,https://www.lib.utexas.edu/research-help-support/research-data-services,https://www.lib.utexas.edu/events/285,https://www.lib.utexas.edu/events/356,https://www.lib.utexas.edu/events/76,,https://www.lib.utexas.edu/research-help-support/gis-geospatial-data-services,https://guides.lib.utexas.edu/gis/gis-events-and-resources,,https://www.lib.utexas.edu/research-help-support/gis-geospatial-data-services,https://guides.lib.utexas.edu/gis,https://www.lib.utexas.edu/research-help-support/research-data-services,,,https://www.lib.utexas.edu/research-help-support/research-data-services,,https://www.lib.utexas.edu/research-help-support/research-data-services,,https://www.lib.utexas.edu/events/312,,,https://www.lib.utexas.edu/events/234,,,,,,
6/28/2020 18:30:08,AC,University of Utah,http://campusguides.lib.utah.edu/SAS,https://campusguides.lib.utah.edu/c.php?g=893558&p=6660727,https://campusguides.lib.utah.edu/miningengineering/texts,https://campusguides.lib.utah.edu/data_repositories,https://campusguides.lib.utah.edu/ELNs,https://campusguides.lib.utah.edu/reproducibility,,https://campusguides.lib.utah.edu/c.php?g=160844&p=1050780,,https://campusguides.lib.utah.edu/c.php?g=160828&p=1054034,https://campusguides.lib.utah.edu/srch.php?tag=GitHub&default_lg=1,,https://campusguides.lib.utah.edu/c.php?g=160707&p=1051857,https://campusguides.lib.utah.edu/c.php?g=160707&p=1052255,,https://campusguides.lib.utah.edu/c.php?g=160702,https://campusguides.lib.utah.edu/c.php?g=160702&p=1052576,https://campusguides.lib.utah.edu/c.php?g=246386&p=2090992,https://campusguides.lib.utah.edu/c.php?g=246386&p=2090992,https://campusguides.lib.utah.edu/c.php?g=246386&p=2090992,https://campusguides.lib.utah.edu/c.php?g=246386&p=2090997,https://campusguides.lib.utah.edu/c.php?g=246386&p=2090997,https://campusguides.lib.utah.edu/c.php?g=246386&p=2090997,,https://campusguides.lib.utah.edu/c.php?g=160571&p=1050556,https://campusguides.lib.utah.edu/c.php?g=160762&p=1050352,,https://campusguides.lib.utah.edu/c.php?g=893558&p=6660727,https://lib.utah.edu/services/knowledge-commons/software.php,,,,,
6/28/2020 18:41:01,AC,University of Washington,https://guides.lib.uw.edu/research/dstools/help,https://guides.lib.uw.edu/dsjapan/tools,https://guides.lib.uw.edu/research/dstools/tdm,https://guides.lib.uw.edu/hsl/data/find,https://guides.lib.uw.edu/research/ELN,https://guides.lib.uw.edu/research/reproducibility,https://www.lib.washington.edu/dataservices/tools/osf,https://www.lib.washington.edu/dataservices/tools/dmptool,,https://guides.lib.uw.edu/research/maps/aerial_photography,,https://guides.lib.uw.edu/research/gis/resources,,https://guides.lib.uw.edu/research/gis/data_sites,https://guides.lib.uw.edu/research/gis/resources,,https://guides.lib.uw.edu/research/gis/resources,,https://guides.lib.uw.edu/research/dmg,https://guides.lib.uw.edu/research/dmg,https://guides.lib.uw.edu/research/dmg/dmp,https://guides.lib.uw.edu/research/dmg/dmp,https://guides.lib.uw.edu/research/dmg/dmp,,https://guides.lib.uw.edu/hsl/data/analyze#s-lg-box-1908365,https://guides.lib.uw.edu/hsl/data/analyze,,https://guides.lib.uw.edu/research/dstools/help,https://guides.lib.uw.edu/research/dstools/help,,,,,
6/29/2020 9:57:37,CG,University of Florida,http://arcs.uflib.ufl.edu/services/datascience/,,https://guides.uflib.ufl.edu/digitalhumanities/dh/tools,http://arcs.uflib.ufl.edu/services/publishingarchiving/,https://guides.uflib.ufl.edu/datamanagement/tools,https://guides.uflib.ufl.edu/reproducibility,https://guides.uflib.ufl.edu/datamanagement/tools,https://guides.uflib.ufl.edu/datamanagement/dmp,,https://guides.uflib.ufl.edu/c.php?g=147404&p=966753,http://apps.uflib.ufl.edu/Registration/public_workshops_view_details.aspx?ID=125,http://arcs.uflib.ufl.edu/services/geospatialanalysis/,http://arcs.uflib.ufl.edu/services/geospatialanalysis/,https://guides.uflib.ufl.edu/c.php?g=147404&p=966619,http://arcs.uflib.ufl.edu/services/geospatialanalysis/,http://arcs.uflib.ufl.edu/services/geospatialanalysis/,,http://arcs.uflib.ufl.edu/consultations/,https://guides.uflib.ufl.edu/datamanagement/home,https://guides.uflib.ufl.edu/datamanagement/home,http://arcs.uflib.ufl.edu/consultations/,https://guides.uflib.ufl.edu/datamanagement/home,https://guides.uflib.ufl.edu/datamanagement/dmp,http://arcs.uflib.ufl.edu/services/visualization/,,https://guides.uflib.ufl.edu/visualization,http://arcs.uflib.ufl.edu/services/datascience/,http://arcs.uflib.ufl.edu/services/datascience/,,,,,,
6/29/2020 11:57:37,AC,University of Arizona,http://libguides.library.arizona.edu/EllerOnlineUndergrad/statistics,,https://libguides.library.arizona.edu/dighumantools/text,https://data.library.arizona.edu/services/ua-research-data-repository,https://data.library.arizona.edu/best-practices/open-science-framework-osf,https://data.library.arizona.edu/best-practices/data-publishing-reproducibility,https://data.library.arizona.edu/best-practices/open-science-framework-osf,https://data.library.arizona.edu/data-management-plans/dmptool,https://librarycarpentry.org/lessons/,https://libguides.library.arizona.edu/GIS/ImageryandLidar,https://new.library.arizona.edu/events/basics-git-and-github,https://libguides.library.arizona.edu/GIS/Help,https://libguides.library.arizona.edu/GIS/tutorials,https://libguides.library.arizona.edu/GIS/get-started,https://libguides.library.arizona.edu/GIS/Help,https://libguides.library.arizona.edu/GIS/tutorials,https://libguides.library.arizona.edu/GIS/software,https://data.library.arizona.edu/,https://data.library.arizona.edu/,https://data.library.arizona.edu/best-practices,,https://data.library.arizona.edu/data-management-plans,https://data.library.arizona.edu/data-management-plans,,https://libguides.library.arizona.edu/dighumantools/dataviz,https://libguides.library.arizona.edu/dighumantools/dataviz,https://new.library.arizona.edu/research/support/data,https://new.library.arizona.edu/events/r-programming-help,,,,,,
6/29/2020 12:30:03,AC,"University of California, Berkeley",https://update.lib.berkeley.edu/2012/03/06/ucla-statistical-consulting-classes-and-workshops/,https://guides.lib.berkeley.edu/library-carpentry-sprint2017,https://update.lib.berkeley.edu/2019/10/23/building-legal-literacies-for-text-data-mining-call-for-participants/,https://update.lib.berkeley.edu/2020/01/28/dryad/,https://guides.lib.berkeley.edu/ERN,https://guides.lib.berkeley.edu/reproducibility-guide,https://update.lib.berkeley.edu/tag/open-science/,https://update.lib.berkeley.edu/2018/03/09/new-dmptool-launched/,https://guides.lib.berkeley.edu/library-carpentry-sprint2017,https://guides.lib.berkeley.edu/c.php?g=130718&p=3874462,https://update.lib.berkeley.edu/2017/06/06/github-archiving-and-repositories/,,https://guides.lib.berkeley.edu/gis/training,https://guides.lib.berkeley.edu/gis/data,,https://guides.lib.berkeley.edu/gis/training,https://guides.lib.berkeley.edu/gis/help,https://guides.lib.berkeley.edu/researchdata,https://guides.lib.berkeley.edu/reproducibility-guide,https://guides.lib.berkeley.edu/researchdata,https://guides.lib.berkeley.edu/researchdata,https://guides.lib.berkeley.edu/researchdata,,,https://guides.lib.berkeley.edu/data-visualization/tools,https://guides.lib.berkeley.edu/data-visualization/type,,https://guides.lib.berkeley.edu/publichealth/ph210,https://update.lib.berkeley.edu/2016/03/04/professional-development-data-analysis-take-it-to-the-max/,,,,,
6/29/2020 12:42:01,CG,University of Illinois at Urbana-Champaign,https://publish.illinois.edu/statsconsulting/,,https://guides.library.illinois.edu/textmining,http://guides.library.illinois.edu/introdata/preservation,,https://guides.library.illinois.edu/c.php?g=706469&p=6591153,,https://www.library.illinois.edu/rds/plan/,,https://www.library.illinois.edu/max/collections/aerial_photographs/,https://guides.library.illinois.edu/c.php?g=736070,https://www.library.illinois.edu/sc/gis/consult/,https://guides.library.illinois.edu/GIS/Workshops,https://guides.library.illinois.edu/GIS,https://www.library.illinois.edu/sc/gis/consult/,https://guides.library.illinois.edu/GIS/Workshops,,,https://www.library.illinois.edu/rds/workshops/,http://guides.library.illinois.edu/introdata,,https://www.library.illinois.edu/rds/workshops/,https://www.library.illinois.edu/rds/plan/,,https://www.library.illinois.edu/sc/services/data-visualization/,https://www.library.illinois.edu/sc/services/data-visualization/,,,https://guides.library.illinois.edu/c.php?g=348074&p=2346110,,,,,
6/29/2020 13:23:01,AC,Washington State University,https://researchguides.library.wisc.edu/health-statistics,,https://www.library.wisc.edu/digital-library-services/uwdcc/resources-documentation/guidelines-for-markup-of-electronic-texts/,https://www.library.wisc.edu/digital-library-services/,http://ebling.library.wisc.edu/2018/07/19/electronic-lab-notebooks-all-invited/,,,http://ebling.library.wisc.edu/2019/02/19/dmptool-will-help-manage-your-data-upcoming-workshops/,http://ebling.library.wisc.edu/2019/05/13/data-carpentry-workshop/,https://geography.wisc.edu/maplibrary/aerial-photography/,,https://geography.wisc.edu/maplibrary/geographic-information-systems-gis/,,https://researchguides.library.wisc.edu/GIS,https://geography.wisc.edu/maplibrary/geographic-information-systems-gis/,https://researchguides.library.wisc.edu/c.php?g=178144&p=7290067,https://geography.wisc.edu/maplibrary/geospatial-data-resources-u-s/,,https://lo.library.wisc.edu/research_data_mgmt/,https://lo.library.wisc.edu/research_data_lifecycle/story_html5.html,,,,,,https://designlab.wisc.edu/tag/data-visualization/,,,,,,,,
6/29/2020 13:41:04,AC,Washington State University,https://ciser.wsu.edu/consulting/,,https://libguides.libraries.wsu.edu/c.php?g=388821&p=2638273,https://libguides.libraries.wsu.edu/datamanagement/datastorage,http://libguides.libraries.wsu.edu/rdmlibguide/metadata,https://libguides.libraries.wsu.edu/lovedataweek,https://libguides.libraries.wsu.edu/lovedataweek,https://libguides.libraries.wsu.edu/datamanagement/dmp,,http://forestry.wsu.edu/wp-content/.../Mapping-Spatial-Resources-Handout.pdf,https://cereo.wsu.edu/2018/03/16/github-version-control-collaboration/,https://libguides.libraries.wsu.edu/c.php?g=294141&p=1959555,https://libguides.libraries.wsu.edu/c.php?g=294141&p=1959556,https://libguides.libraries.wsu.edu/c.php?g=294141&p=1959560,,,https://libguides.libraries.wsu.edu/c.php?g=294141&p=1959555,,https://cereo.wsu.edu/data-management-workshops/,https://libguides.libraries.wsu.edu/rdmlibguide,,https://libguides.libraries.wsu.edu/datamanagement,https://libguides.libraries.wsu.edu/datamanagement/datasharing,,https://libguides.libraries.wsu.edu/dataviz/programming,https://libguides.libraries.wsu.edu/dataviz,https://ciser.wsu.edu/initial-meeting-request/,https://ciser.wsu.edu/events-workshops/,https://atl.wsu.edu/assessment-toolkits/assessment-data-analysis-toolkit/,,,,,
6/30/2020 11:03:59,CG,University of Iowa,https://ppc.uiowa.edu/isrc/methods-consulting,,,https://www.lib.uiowa.edu/data/share/data-repositories/,https://www.lib.uiowa.edu/data/manage/documenting/lab-notebooks/,,,https://www.lib.uiowa.edu/data/plan/tools/,,https://www.lib.uiowa.edu/maps/aerial/,https://www.lib.uiowa.edu/data/manage/version-control/,,https://guides.lib.uiowa.edu/c.php?g=132116&p=2316517,https://guides.lib.uiowa.edu/gis,,https://guides.lib.uiowa.edu/c.php?g=132116&p=2316517,https://guides.lib.uiowa.edu/c.php?g=132116&p=6634664,https://www.lib.uiowa.edu/data/contact/,,https://www.lib.uiowa.edu/data/manage/,https://www.lib.uiowa.edu/data/plan/,,https://www.lib.uiowa.edu/data/plan/,https://www.lib.uiowa.edu/data/data-analysis/,https://www.lib.uiowa.edu/news-and-events/event/?id=53141,,https://www.lib.uiowa.edu/data/data-analysis/,https://www.lib.uiowa.edu/news-and-events/event/?id=53141,,,,,,
6/30/2020 12:12:00,CG,"University of Maryland, College Park",https://www.lib.umd.edu/rc/statistical-consulting,,https://www.lib.umd.edu/rc/data-and-text-mining,https://www.lib.umd.edu/data/repositories,,,,https://www.lib.umd.edu/data/data-mgmt,https://www.lib.umd.edu/rc/data-science,,,https://www.lib.umd.edu/gis,https://www.lib.umd.edu/gis/workshops,https://www.lib.umd.edu/gis/what-is-gis,https://www.lib.umd.edu/gis,https://www.lib.umd.edu/gis/workshops,https://www.lib.umd.edu/gis/learning,,https://www.lib.umd.edu/rc/common-quandaries,https://www.lib.umd.edu/data/data-mgmt,https://www.lib.umd.edu/data/dmp,https://www.lib.umd.edu/data/dmp,https://www.lib.umd.edu/data/dmp-guide,,https://www.lib.umd.edu/rc/data-science,,,https://www.lib.umd.edu/rc/data-science,https://lib.guides.umd.edu/c.php?g=327087&p=3506810,,,,,
6/30/2020 12:19:44,AC,University of North Carolina at Chapel Hill,https://library.unc.edu/hub/services/statistical-consulting/,https://guides.lib.unc.edu/dhatcarolina/skills,https://guides.lib.unc.edu/dhatcarolina/skills,https://guides.lib.unc.edu/metadata/repositories,,https://guides.lib.unc.edu/systematic-reviews,https://guides.lib.unc.edu/researchdatatoolkit/tools,https://guides.lib.unc.edu/researchdatatoolkit/tools,https://guides.lib.unc.edu/intro-git-workshop,https://library.unc.edu/data/gis-usda/,https://guides.lib.unc.edu/intro-git-workshop,https://library.unc.edu/data/gis-assistance/,,https://guides.lib.unc.edu/citedata/additional,https://library.unc.edu/data/gis-assistance/,https://guides.lib.unc.edu/software/training,https://guides.lib.unc.edu/software/data-vis,https://library.unc.edu/hub/services/data-management-consulting/,https://guides.lib.unc.edu/metadata,,https://library.unc.edu/hub/services/data-management-consulting/,https://guides.lib.unc.edu/dmpintro,https://guides.lib.unc.edu/dmpintro/tools,,https://guides.lib.unc.edu/DataViz/reading,https://guides.lib.unc.edu/DataViz/basics,https://guides.lib.unc.edu/mattjansen,https://library.unc.edu/hub/services/statistical-consulting/,,,,,,
6/30/2020 12:23:49,CG,"University of Minnesota, Twin Cities",,,https://libguides.umn.edu/c.php?g=895901&p=6454823,https://conservancy.umn.edu/handle/11299/166578,https://www.lib.umn.edu/datamanagement/eln,https://www.lib.umn.edu/researchsupport/reproducibility,https://www.lib.umn.edu/scholcom/open-science,https://www.lib.umn.edu/datamanagement/DMP,https://dash.umn.edu/software-carpentry/,https://www.lib.umn.edu/borchert/aerial-photography-and-remote-sensed-imagery,,,,https://www.lib.umn.edu/borchert/geodata,,,,https://www.lib.umn.edu/datamanagement/workshops,https://www.lib.umn.edu/datamanagement/workshops,https://www.lib.umn.edu/datamanagement/best-practices-templates,https://www.lib.umn.edu/datamanagement/DMP,,https://www.lib.umn.edu/datamanagement/DMP,https://libguides.umn.edu/c.php?g=921727&p=6644331,,https://libguides.umn.edu/c.php?g=921727&p=6642925,,,https://www.lib.umn.edu/datamanagement/computing,,,,,
6/30/2020 12:43:02,AC,University of Southern California,http://norris.usc.libguides.com/content.php?pid=51351,,,https://libraries.usc.edu/article/usc-digital-repository-shapes-future-archiving,,https://libguides.usc.edu/CER_RDM,https://libguides.usc.edu/CER_RDM,https://libguides.usc.edu/CER_RDM,,https://libguides.usc.edu/spatial,,,https://libguides.usc.edu/spatial,https://libguides.usc.edu/prf.php?account_id=24691,,,,,https://libguides.usc.edu/CER_RDM,https://libraries.usc.edu/databases/dataverse,,https://libguides.usc.edu/CER_RDM,https://libguides.usc.edu/datareference,,,https://libguides.usc.edu/visualizeLA,https://libguides.usc.edu/healthsciences/nml-bioinfo,,https://libguides.usc.edu/c.php?g=234919,,,,,
7/1/2020 10:38:42,CG,University of North Carolina at Chapel Hill,https://library.unc.edu/hub/services/statistical-consulting/,,,https://guides.lib.unc.edu/researchdatatoolkit/choosing-a-repository,,,https://guides.lib.unc.edu/researchdatatoolkit/tools,https://guides.lib.unc.edu/researchdatatoolkit/tools,,https://library.unc.edu/data/gis-usda/,https://guides.lib.unc.edu/intro-git-workshop,https://library.unc.edu/data/gis-assistance/,,https://guides.lib.unc.edu/spatialdata/getting-started,https://library.unc.edu/data/gis-assistance/,https://guides.lib.unc.edu/software/training,https://guides.lib.unc.edu/software/software,https://guides.lib.unc.edu/researchdatatoolkit/unc-services,,https://guides.lib.unc.edu/researchdatatoolkit/home,https://guides.lib.unc.edu/researchdatatoolkit/unc-services,,https://guides.lib.unc.edu/researchdatatoolkit/home,https://guides.lib.unc.edu/lorinbruckner,https://guides.lib.unc.edu/lorinbruckner,http://learndataviz.web.unc.edu/,https://guides.lib.unc.edu/mattjansen,https://guides.lib.unc.edu/mattjansen,,,,,,
7/1/2020 10:58:01,CG,University of Oregon,https://library.uoregon.edu/research-data-management/consultations,,,https://researchguides.uoregon.edu/data-management/archiving,,,https://researchguides.uoregon.edu/library_workshops/digital_projects,https://researchguides.uoregon.edu/dmp-tool,,https://library.uoregon.edu/aerial-photography-collection,https://researchguides.uoregon.edu/library_workshops/version_control,http://researchguides.uoregon.edu/gis/guide,,https://library.uoregon.edu/map/gis_data/data_in_commons,http://researchguides.uoregon.edu/gis/guide,,http://researchguides.uoregon.edu/gis/uo-resources,https://library.uoregon.edu/data-services/contact,,https://researchguides.uoregon.edu/data-management/services,https://library.uoregon.edu/data-services/contact,https://researchguides.uoregon.edu/library_workshops/DMPtool,https://researchguides.uoregon.edu/data-management/dmp,,https://researchguides.uoregon.edu/library_workshops/r,,,https://researchguides.uoregon.edu/library_workshops/python,https://researchguides.uoregon.edu/c.php?g=567658&p=3940646,,,,,
7/1/2020 11:36:25,CG,University of Southern California,,,https://libguides.usc.edu/contentmining,,,,,,,,,,,https://libguides.usc.edu/c.php?g=235195&p=1562120,,,https://libguides.usc.edu/c.php?g=235195&p=1560665,,,,,,,,https://libraries.usc.edu/events/usc-libraries-data-and-visualization-workshops-0,,,,,,,,,
7/2/2020 10:00:28,CG,University of Texas at Austin,,https://www.lib.utexas.edu/events/238,https://www.lib.utexas.edu/events/68,https://guides.lib.utexas.edu/c.php?g=1020955&p=7429419,,,,https://guides.lib.utexas.edu/c.php?g=1020955&p=7395489,https://www.lib.utexas.edu/events/285,,https://guides.lib.utexas.edu/c.php?g=494171&p=5550739,https://www.lib.utexas.edu/research-help-support/gis-geospatial-data-services,https://guides.lib.utexas.edu/gis/past-event-info-and-downloads,https://guides.lib.utexas.edu/gis,https://www.lib.utexas.edu/research-help-support/gis-geospatial-data-services,https://guides.lib.utexas.edu/gis/past-event-info-and-downloads,https://guides.lib.utexas.edu/gis/install-gis-software,https://www.lib.utexas.edu/research-help-support/research-data-services,https://guides.lib.utexas.edu/data-and-donuts/managing-research-data,,https://www.lib.utexas.edu/research-help-support/research-data-services,,https://guides.lib.utexas.edu/DMP,,https://guides.lib.utexas.edu/c.php?g=494171&p=5550738,https://guides.lib.utexas.edu/data-visualization,,,https://guides.lib.utexas.edu/datalab/home,,,,,
7/2/2020 10:13:59,CG,University of Utah,https://lib.utah.edu/services/stats-ta.php,,,https://lib.utah.edu/services/data-management/consultations.php,http://campusguides.lib.utah.edu/ELNs,https://campusguides.lib.utah.edu/reproducibility,https://campusguides.lib.utah.edu/reproducibility/toolkit,http://campusguides.lib.utah.edu/c.php?g=160412&p=1051780,,https://campusguides.lib.utah.edu/c.php?g=160828&p=1054034,https://campusguides.lib.utah.edu/reproducibility/toolkit,https://lib.utah.edu/services/geospatial/services.php,https://lib.utah.edu/services/geospatial/services.php,https://lib.utah.edu/services/geospatial/services.php,https://lib.utah.edu/services/geospatial/training-materials.php,https://lib.utah.edu/services/geospatial/training-materials.php,https://lib.utah.edu/services/geospatial/training-materials.php,https://lib.utah.edu/services/data-management/consultations.php,https://lib.utah.edu/services/data-management/education-training.php,http://campusguides.lib.utah.edu/researchdata,https://lib.utah.edu/services/data-management/plans.php,https://lib.utah.edu/services/data-management/education-training.php,http://campusguides.lib.utah.edu/c.php?g=160412&p=1051780,,,https://campusguides.lib.utah.edu/c.php?g=893558&p=6444106,,,https://campusguides.lib.utah.edu/c.php?g=893558&p=6425370,,,,,
7/2/2020 12:48:06,CG,University of Washington,,,https://guides.lib.uw.edu/research/dstools/tdm,https://guides.lib.uw.edu/research/dmg/ssp,https://guides.lib.uw.edu/research/ELN,https://guides.lib.uw.edu/research/reproducibility,https://guides.lib.uw.edu/research/osf,https://guides.lib.uw.edu/research/dmg/home,,https://guides.lib.uw.edu/research/gis/imagery_available,https://guides.lib.uw.edu/research/reproducibility/robust-coding,https://guides.lib.uw.edu/research/gis/home,,https://guides.lib.uw.edu/research/gis/home,https://guides.lib.uw.edu/research/gis/resources,,https://guides.lib.uw.edu/research/gis/resources,https://www.lib.washington.edu/digitalscholarship/services/data,https://www.lib.washington.edu/digitalscholarship/hacking-the-academy-programming-series,https://guides.lib.uw.edu/friendly.php?s=research/dmg,https://guides.lib.uw.edu/research/dmg/dmp,https://www.lib.washington.edu/digitalscholarship/hacking-the-academy-programming-series,https://guides.lib.uw.edu/research/dmg/dmp,,,https://guides.lib.uw.edu/research/dstools/visualize,,,https://guides.lib.uw.edu/hsl/data/analyze,,,,,
7/4/2020 12:17:25,CG,"University of Wisconsin, Madison",,,https://researchguides.library.wisc.edu/c.php?g=246897&p=1645187,https://www.library.wisc.edu/digital-library-services/minds/,https://eln.wisc.edu/,,,https://researchdata.wisc.edu/dmp-use-dmptool-to-write-your-dmp/,https://ebling.library.wisc.edu/2020/05/14/data-carpentry-on-zoom/,https://geography.wisc.edu/maplibrary/aerial-photography/,https://researchguides.library.wisc.edu/R/git,https://researchguides.library.wisc.edu/c.php?g=178144&p=1170191,https://researchguides.library.wisc.edu/c.php?g=178144&p=1170191,https://researchguides.library.wisc.edu/GIS,https://researchguides.library.wisc.edu/c.php?g=178144&p=1170191,https://researchguides.library.wisc.edu/c.php?g=178144&p=1170191,https://researchguides.library.wisc.edu/c.php?g=178144&p=1169833,https://researchdata.wisc.edu/consultations/,https://researchdata.wisc.edu/our-services/,https://lo.library.wisc.edu/research_data_mgmt/,https://researchdata.wisc.edu/our-services/,https://researchdata.wisc.edu/our-services/,https://researchdata.wisc.edu/dmp-introduction/,,https://researchguides.library.wisc.edu/R/why,https://researchguides.library.wisc.edu/R/ggplot2,,https://researchguides.library.wisc.edu/R/why,https://researchguides.library.wisc.edu/R,,,,,
7/4/2020 12:31:44,CG,Washington State University,,,,https://libguides.libraries.wsu.edu/datamanagement/datastorage,,,,https://libguides.libraries.wsu.edu/datamanagement/dmp,,,,https://libguides.libraries.wsu.edu/c.php?g=294141&p=1959555,,https://libguides.libraries.wsu.edu/c.php?g=294141&p=1959554,,,https://libguides.libraries.wsu.edu/c.php?g=294141&p=1959556,https://libguides.libraries.wsu.edu/rdmlibguide/training,https://libguides.libraries.wsu.edu/rdmlibguide/training,https://libguides.libraries.wsu.edu/rdmlibguide,https://libguides.libraries.wsu.edu/datamanagement/introduction,,https://libguides.libraries.wsu.edu/datamanagement,,,https://libguides.libraries.wsu.edu/dataviz,,,https://libguides.libraries.wsu.edu/dataviz/programming,,,,,
